trial,linear_mc,nonlinear_mc,total_mc,input_force,m_val,c_val,k_wall_val,k_between_val,ridge_alpha
2851,22.136704703281566,34.19795802383884,56.3346627271204,6.28879905307643,0.009569508337727876,0.48967816666395225,40.29115295108787,78.91305021174706,1.4671267453130232e-06
4235,32.72068235005638,11.502493590415817,44.223175940472196,1.0100598856645617,0.009569508337727876,0.14472486883161542,4.949274479107639,78.91305021174706,1.4671267453130232e-06
4348,30.764207014142585,21.952187599357497,52.716394613500086,1.8054001832365776,0.008698017554316196,0.18472274745078338,16.966954115393197,78.91305021174706,2.328670127015952e-06
4462,33.15072549952123,3.438517429646824,36.58924292916805,1.0100598856645617,0.03463343903868386,0.14472486883161542,12.025559114678314,78.91305021174706,1.2446212784745538e-06
4554,30.764207014142585,21.952187599357497,52.716394613500086,1.8054001832365776,0.008698017554316196,0.18472274745078338,16.966954115393197,78.91305021174706,2.328670127015952e-06
4668,33.15072549952123,3.438517429646824,36.58924292916805,1.0100598856645617,0.03463343903868386,0.14472486883161542,12.025559114678314,78.91305021174706,1.2446212784745538e-06
4695,30.93566168680822,21.685335779995146,52.62099746680337,1.8054001832365776,0.008698017554316196,0.19189241237051688,12.025559114678314,78.91305021174706,1.4671267453130232e-06
4706,30.764207014142585,21.952187599357497,52.716394613500086,1.8054001832365776,0.008698017554316196,0.18472274745078338,16.966954115393197,78.91305021174706,2.328670127015952e-06
4830,33.15072549952123,3.438517429646824,36.58924292916805,1.0100598856645617,0.03463343903868386,0.14472486883161542,12.025559114678314,78.91305021174706,1.2446212784745538e-06
4861,30.722691985895125,22.60593291494669,53.32862490084182,1.8054001832365776,0.008698017554316196,0.19189241237051688,16.966954115393197,78.91305021174706,1.4671267453130232e-06
4939,30.659221497187723,22.80057748061564,53.45979897780336,1.8054001832365776,0.008698017554316196,0.19189241237051688,18.49957504695779,78.91305021174706,1.4671267453130232e-06
4990,33.15072549952123,3.438517429646824,36.58924292916805,1.0100598856645617,0.03463343903868386,0.14472486883161542,12.025559114678314,78.91305021174706,1.2446212784745538e-06
5005,30.764207014142585,21.952187599357497,52.716394613500086,1.8054001832365776,0.008698017554316196,0.18472274745078338,16.966954115393197,78.91305021174706,2.328670127015952e-06
5026,24.74404544170021,31.745085450193116,56.489130891893325,3.42961079489487,0.009569508337727876,0.419007027175139,53.19831855856638,78.91305021174706,1.0746247031029727e-06
5043,30.93566168680822,21.685335779995146,52.62099746680337,1.8054001832365776,0.008698017554316196,0.19189241237051688,12.025559114678314,78.91305021174706,1.4671267453130232e-06
5058,32.261058419803554,14.228764154474103,46.48982257427765,1.0100598856645617,0.009569508337727876,0.12042012856440677,18.49957504695779,78.91305021174706,1.4671267453130232e-06
5095,30.659221497187723,22.80057748061564,53.45979897780336,1.8054001832365776,0.008698017554316196,0.19189241237051688,18.49957504695779,78.91305021174706,1.4671267453130232e-06
5096,33.15072549952123,3.438517429646824,36.58924292916805,1.0100598856645617,0.03463343903868386,0.14472486883161542,12.025559114678314,78.91305021174706,1.2446212784745538e-06
5113,21.785205436892763,34.755641803798085,56.54084724069085,6.28879905307643,0.009569508337727876,0.48480307501533615,53.19831855856638,78.91305021174706,1.2446212784745538e-06
5114,30.93566168680822,21.685335779995146,52.62099746680337,1.8054001832365776,0.008698017554316196,0.19189241237051688,12.025559114678314,78.91305021174706,1.4671267453130232e-06
5130,33.15072549952123,3.438517429646824,36.58924292916805,1.0100598856645617,0.03463343903868386,0.14472486883161542,12.025559114678314,78.91305021174706,1.2446212784745538e-06
5134,32.186041181369504,14.750184566046366,46.93622574741587,1.0100598856645617,0.008698017554316196,0.14472486883161542,7.704673657496365,78.91305021174706,1.4671267453130232e-06
5146,30.93566168680822,21.685335779995146,52.62099746680337,1.8054001832365776,0.008698017554316196,0.19189241237051688,12.025559114678314,78.91305021174706,1.4671267453130232e-06
5157,32.35139511033228,14.074195075963036,46.42559018629531,1.0100598856645617,0.009569508337727876,0.14472486883161542,12.025559114678314,78.91305021174706,1.2446212784745538e-06
5177,33.15072549952123,3.438517429646824,36.58924292916805,1.0100598856645617,0.03463343903868386,0.14472486883161542,12.025559114678314,78.91305021174706,1.2446212784745538e-06
5194,32.35139511033228,14.074195075963036,46.42559018629531,1.0100598856645617,0.009569508337727876,0.14472486883161542,12.025559114678314,78.91305021174706,1.2446212784745538e-06
5200,32.43339509916068,13.226978465156787,45.66037356431747,1.0100598856645617,0.009569508337727876,0.17534157142392734,7.14008749932051,78.91305021174706,1.2446212784745538e-06
5209,33.09828494015174,5.057366828621903,38.155651768773645,1.0100598856645617,0.025994878478171574,0.14472486883161542,16.07676328859589,84.28732699167794,1.2446212784745538e-06
5217,24.74404544170021,31.745085450193116,56.489130891893325,3.42961079489487,0.009569508337727876,0.419007027175139,53.19831855856638,78.91305021174706,1.0746247031029727e-06
5226,30.93566168680822,21.685335779995146,52.62099746680337,1.8054001832365776,0.008698017554316196,0.19189241237051688,12.025559114678314,78.91305021174706,1.4671267453130232e-06
5230,32.751885323502435,11.255579927958703,44.00746525146114,1.0100598856645617,0.009569508337727876,0.11816812965117938,7.14008749932051,78.91305021174706,1.4671267453130232e-06
5297,30.659221497187723,22.80057748061564,53.45979897780336,1.8054001832365776,0.008698017554316196,0.19189241237051688,18.49957504695779,78.91305021174706,1.4671267453130232e-06
5320,30.764207014142585,21.952187599357497,52.716394613500086,1.8054001832365776,0.008698017554316196,0.18472274745078338,16.966954115393197,78.91305021174706,2.328670127015952e-06
5333,30.93566168680822,21.685335779995146,52.62099746680337,1.8054001832365776,0.008698017554316196,0.19189241237051688,12.025559114678314,78.91305021174706,1.4671267453130232e-06
5349,22.186759834810694,33.721516667137735,55.90827650194843,6.28879905307643,0.009569508337727876,0.48967816666395225,38.52680789958333,78.91305021174706,2.328670127015952e-06
5441,30.620760907956072,22.829514530023527,53.4502754379796,1.8054001832365776,0.008698017554316196,0.19189241237051688,12.025559114678314,80.97346391189345,1.4671267453130232e-06
5481,32.62065564990722,12.310438613529568,44.93109426343679,1.0100598856645617,0.009569508337727876,0.14472486883161542,7.14008749932051,78.91305021174706,1.4671267453130232e-06
5532,32.0969896072665,15.459686287051172,47.55667589431767,1.0100598856645617,0.009569508337727876,0.14472486883161542,17.444176692293013,78.91305021174706,1.2446212784745538e-06
5563,27.012610873122544,28.95092221446346,55.963533087586,3.42961079489487,0.009569508337727876,0.3401090828369047,38.52680789958333,78.91305021174706,1.4671267453130232e-06
5578,32.70904525151151,11.8501089631964,44.55915421470791,1.0100598856645617,0.009569508337727876,0.12186470831252749,7.704673657496365,78.91305021174706,1.2446212784745538e-06
5593,30.953904478708345,21.593067883709146,52.54697236241749,1.8054001832365776,0.008698017554316196,0.19189241237051688,11.669807638600014,78.91305021174706,1.4671267453130232e-06
5601,30.93566168680822,21.685335779995146,52.62099746680337,1.8054001832365776,0.008698017554316196,0.19189241237051688,12.025559114678314,78.91305021174706,1.4671267453130232e-06
5627,30.93566168680822,21.685335779995146,52.62099746680337,1.8054001832365776,0.008698017554316196,0.19189241237051688,12.025559114678314,78.91305021174706,1.4671267453130232e-06
5645,30.93566168680822,21.685335779995146,52.62099746680337,1.8054001832365776,0.008698017554316196,0.19189241237051688,12.025559114678314,78.91305021174706,1.4671267453130232e-06
5736,33.15072549952123,3.438517429646824,36.58924292916805,1.0100598856645617,0.03463343903868386,0.14472486883161542,12.025559114678314,78.91305021174706,1.2446212784745538e-06
5771,32.35139511033228,14.074195075963036,46.42559018629531,1.0100598856645617,0.009569508337727876,0.14472486883161542,12.025559114678314,78.91305021174706,1.2446212784745538e-06
5773,32.42094431665409,13.60333540474426,46.024279721398344,1.0100598856645617,0.008698017554316196,0.1269892283627391,8.858210845255327,69.16329565667773,1.4671267453130232e-06
5774,32.35139511033228,14.074195075963036,46.42559018629531,1.0100598856645617,0.009569508337727876,0.14472486883161542,12.025559114678314,78.91305021174706,1.2446212784745538e-06
5786,27.32962524351724,28.234560075518814,55.564185319036056,3.42961079489487,0.009569508337727876,0.2918907020150273,54.580679069967104,80.97346391189345,1.4671267453130232e-06
5907,30.659221497187723,22.80057748061564,53.45979897780336,1.8054001832365776,0.008698017554316196,0.19189241237051688,18.49957504695779,78.91305021174706,1.4671267453130232e-06
5936,31.51881040219748,18.868559198841595,50.387369601039076,1.8054001832365776,0.008698017554316196,0.17534157142392734,6.182683349256731,80.97346391189345,2.328670127015952e-06
5995,33.15072549952123,3.438517429646824,36.58924292916805,1.0100598856645617,0.03463343903868386,0.14472486883161542,12.025559114678314,78.91305021174706,1.2446212784745538e-06
5998,32.42094431665409,13.60333540474426,46.024279721398344,1.0100598856645617,0.008698017554316196,0.1269892283627391,8.858210845255327,69.16329565667773,1.4671267453130232e-06
6005,30.93566168680822,21.685335779995146,52.62099746680337,1.8054001832365776,0.008698017554316196,0.19189241237051688,12.025559114678314,78.91305021174706,1.4671267453130232e-06
6014,32.59177512524228,12.725674326329756,45.31744945157203,1.0100598856645617,0.009569508337727876,0.14472486883161542,7.704673657496365,78.91305021174706,1.2446212784745538e-06
6042,28.960137346916234,26.842851125499116,55.80298847241535,2.5826334477054016,0.008698017554316196,0.2680662921881964,18.49957504695779,78.91305021174706,2.328670127015952e-06
6074,32.0969896072665,15.459686287051172,47.55667589431767,1.0100598856645617,0.009569508337727876,0.14472486883161542,17.444176692293013,78.91305021174706,1.2446212784745538e-06
6099,33.15072549952123,3.438517429646824,36.58924292916805,1.0100598856645617,0.03463343903868386,0.14472486883161542,12.025559114678314,78.91305021174706,1.2446212784745538e-06
6108,33.043969690002235,6.882049603636826,39.92601929363906,1.0100598856645617,0.009569508337727876,0.06441798531902292,8.858210845255327,78.91305021174706,2.328670127015952e-06
6132,32.186041181369504,14.750184566046366,46.93622574741587,1.0100598856645617,0.008698017554316196,0.14472486883161542,7.704673657496365,78.91305021174706,1.4671267453130232e-06
6154,32.35139511033228,14.074195075963036,46.42559018629531,1.0100598856645617,0.009569508337727876,0.14472486883161542,12.025559114678314,78.91305021174706,1.2446212784745538e-06
6157,29.528087942622392,25.622124392395328,55.15021233501772,1.8054001832365776,0.008698017554316196,0.2680662921881964,18.49957504695779,78.91305021174706,1.4671267453130232e-06
6169,32.0969896072665,15.459686287051172,47.55667589431767,1.0100598856645617,0.009569508337727876,0.14472486883161542,17.444176692293013,78.91305021174706,1.2446212784745538e-06
6179,33.15072549952123,3.438517429646824,36.58924292916805,1.0100598856645617,0.03463343903868386,0.14472486883161542,12.025559114678314,78.91305021174706,1.2446212784745538e-06
6184,32.18584629166196,15.057484446981274,47.24333073864324,1.0100598856645617,0.008698017554316196,0.14472486883161542,7.704673657496365,78.91305021174706,1.2446212784745538e-06
6196,21.956596166353094,34.311161969479684,56.26775813583278,6.28879905307643,0.009569508337727876,0.48967816666395225,45.605935248059524,78.91305021174706,2.328670127015952e-06
6217,30.659221497187723,22.80057748061564,53.45979897780336,1.8054001832365776,0.008698017554316196,0.19189241237051688,18.49957504695779,78.91305021174706,1.4671267453130232e-06
6260,30.93566168680822,21.685335779995146,52.62099746680337,1.8054001832365776,0.008698017554316196,0.19189241237051688,12.025559114678314,78.91305021174706,1.4671267453130232e-06
6261,30.93570415054372,21.634575860816348,52.57028001136007,1.8054001832365776,0.008698017554316196,0.19189241237051688,12.025559114678314,78.91305021174706,1.54960617812222e-06
6297,31.953419044470188,16.594278829312582,48.54769787378277,1.0100598856645617,0.008698017554316196,0.14472486883161542,12.025559114678314,78.91305021174706,1.418448661299779e-06
6299,32.0969896072665,15.459686287051172,47.55667589431767,1.0100598856645617,0.009569508337727876,0.14472486883161542,17.444176692293013,78.91305021174706,1.2446212784745538e-06
6311,32.59177512524228,12.725674326329756,45.31744945157203,1.0100598856645617,0.009569508337727876,0.14472486883161542,7.704673657496365,78.91305021174706,1.2446212784745538e-06
6317,32.63070311699069,12.226768737981411,44.8574718549721,1.0100598856645617,0.009569508337727876,0.1269892283627391,8.858210845255327,78.91305021174706,1.4671267453130232e-06
6353,30.659221497187723,22.80057748061564,53.45979897780336,1.8054001832365776,0.008698017554316196,0.19189241237051688,18.49957504695779,78.91305021174706,1.4671267453130232e-06
6364,33.15072549952123,3.438517429646824,36.58924292916805,1.0100598856645617,0.03463343903868386,0.14472486883161542,12.025559114678314,78.91305021174706,1.2446212784745538e-06
6374,31.99195436143961,16.28152456733111,48.27347892877072,1.0100598856645617,0.008698017554316196,0.14472486883161542,11.286119700737487,78.91305021174706,1.4671267453130232e-06
6463,33.043969690002235,6.882049603636826,39.92601929363906,1.0100598856645617,0.009569508337727876,0.06441798531902292,8.858210845255327,78.91305021174706,2.328670127015952e-06
6483,21.720070665554605,34.845461388335025,56.565532053889626,6.28879905307643,0.009569508337727876,0.48967816666395225,53.19831855856638,78.91305021174706,1.0746247031029727e-06
6514,21.93049028536483,34.36319757696404,56.293687862328866,6.28879905307643,0.009569508337727876,0.48967816666395225,46.431764750098004,78.91305021174706,2.328670127015952e-06
6535,30.966274518732984,21.48914655542916,52.455421074162146,1.8054001832365776,0.008698017554316196,0.18472274745078338,12.025559114678314,78.91305021174706,1.2446212784745538e-06
6557,30.48382509800898,23.862880714158692,54.34670581216767,1.8054001832365776,0.008749428234122046,0.22031827582514427,18.49957504695779,78.91305021174706,1.4671267453130232e-06
6613,30.5249131692074,23.098241552317965,53.62315472152537,1.8054001832365776,0.008698017554316196,0.19189241237051688,21.63910276826749,78.91305021174706,1.54960617812222e-06
6631,33.043969690002235,6.882049603636826,39.92601929363906,1.0100598856645617,0.009569508337727876,0.06441798531902292,8.858210845255327,78.91305021174706,2.328670127015952e-06
6642,24.74404544170021,31.745085450193116,56.489130891893325,3.42961079489487,0.009569508337727876,0.419007027175139,53.19831855856638,78.91305021174706,1.0746247031029727e-06
6650,24.74404544170021,31.745085450193116,56.489130891893325,3.42961079489487,0.009569508337727876,0.419007027175139,53.19831855856638,78.91305021174706,1.0746247031029727e-06
6663,32.186041181369504,14.750184566046366,46.93622574741587,1.0100598856645617,0.008698017554316196,0.14472486883161542,7.704673657496365,78.91305021174706,1.4671267453130232e-06
6683,31.334373626816557,20.263058090008546,51.5974317168251,1.0100598856645617,0.008698017554316196,0.19189241237051688,18.49957504695779,78.91305021174706,1.0388668388864656e-06
6726,33.15072549952123,3.438517429646824,36.58924292916805,1.0100598856645617,0.03463343903868386,0.14472486883161542,12.025559114678314,78.91305021174706,1.2446212784745538e-06
6769,30.93566168680822,21.685335779995146,52.62099746680337,1.8054001832365776,0.008698017554316196,0.19189241237051688,12.025559114678314,78.91305021174706,1.4671267453130232e-06
6771,30.93570415054372,21.634575860816348,52.57028001136007,1.8054001832365776,0.008698017554316196,0.19189241237051688,12.025559114678314,78.91305021174706,1.54960617812222e-06
6791,32.76294241821663,11.085923419754529,43.84886583797116,1.0100598856645617,0.009569508337727876,0.11151388224056284,7.704673657496365,78.91305021174706,1.4671267453130232e-06
6798,32.186041181369504,14.750184566046366,46.93622574741587,1.0100598856645617,0.008698017554316196,0.14472486883161542,7.704673657496365,78.91305021174706,1.4671267453130232e-06
6805,24.74404544170021,31.745085450193116,56.489130891893325,3.42961079489487,0.009569508337727876,0.419007027175139,53.19831855856638,78.91305021174706,1.0746247031029727e-06
6807,32.0969896072665,15.459686287051172,47.55667589431767,1.0100598856645617,0.009569508337727876,0.14472486883161542,17.444176692293013,78.91305021174706,1.2446212784745538e-06
6834,33.03202000000335,7.0673111749179744,40.099331174921325,1.0100598856645617,0.009569508337727876,0.06441798531902292,8.858210845255327,78.91305021174706,1.4671267453130232e-06
6856,32.42945729844918,13.461861408990961,45.89131870744014,1.0100598856645617,0.009569508337727876,0.134407121693098,12.025559114678314,78.91305021174706,1.4671267453130232e-06
6864,30.76231600336921,22.262675347557227,53.02499135092644,1.8054001832365776,0.008698017554316196,0.18472274745078338,16.966954115393197,78.91305021174706,1.2446212784745538e-06
6869,32.21103355181434,14.738184927457871,46.94921847927221,1.0100598856645617,0.008698017554316196,0.1320862812493285,12.025559114678314,69.16329565667773,1.4671267453130232e-06
6879,30.93547864192423,21.82475192367855,52.76023056560278,1.8054001832365776,0.008698017554316196,0.19189241237051688,12.025559114678314,78.91305021174706,1.2446212784745538e-06
6880,31.99195436143961,16.28152456733111,48.27347892877072,1.0100598856645617,0.008698017554316196,0.14472486883161542,11.286119700737487,78.91305021174706,1.4671267453130232e-06
6925,32.42094431665409,13.60333540474426,46.024279721398344,1.0100598856645617,0.008698017554316196,0.1269892283627391,8.858210845255327,69.16329565667773,1.4671267453130232e-06
6959,33.15072549952123,3.438517429646824,36.58924292916805,1.0100598856645617,0.03463343903868386,0.14472486883161542,12.025559114678314,78.91305021174706,1.2446212784745538e-06
6969,30.722849370904118,22.577184926602683,53.3000342975068,1.8054001832365776,0.008698017554316196,0.19189241237051688,16.966954115393197,78.91305021174706,1.54960617812222e-06
6998,33.043969690002235,6.882049603636826,39.92601929363906,1.0100598856645617,0.009569508337727876,0.06441798531902292,8.858210845255327,78.91305021174706,2.328670127015952e-06
6999,31.20301934748103,20.398526539427547,51.601545886908575,1.5672840075322876,0.008698017554316196,0.17534157142392734,12.025559114678314,78.91305021174706,1.4671267453130232e-06
7001,32.248712446182104,14.320585061109075,46.56929750729118,1.0100598856645617,0.009569508337727876,0.12186470831252749,18.49957504695779,78.91305021174706,1.4671267453130232e-06
7009,33.03202000000335,7.0673111749179744,40.099331174921325,1.0100598856645617,0.009569508337727876,0.06441798531902292,8.858210845255327,78.91305021174706,1.4671267453130232e-06
7028,24.74404544170021,31.745085450193116,56.489130891893325,3.42961079489487,0.009569508337727876,0.419007027175139,53.19831855856638,78.91305021174706,1.0746247031029727e-06
7029,29.09421360560534,26.155292116413804,55.249505722019144,2.5826334477054016,0.008698017554316196,0.2918907020150273,12.025559114678314,78.91305021174706,1.4671267453130232e-06
7033,30.76231600336921,22.262675347557227,53.02499135092644,1.8054001832365776,0.008698017554316196,0.18472274745078338,16.966954115393197,78.91305021174706,1.2446212784745538e-06
7035,32.21103355181434,14.738184927457871,46.94921847927221,1.0100598856645617,0.008698017554316196,0.1320862812493285,12.025559114678314,69.16329565667773,1.4671267453130232e-06
7036,31.99195436143961,16.28152456733111,48.27347892877072,1.0100598856645617,0.008698017554316196,0.14472486883161542,11.286119700737487,78.91305021174706,1.4671267453130232e-06
7038,32.135936680171355,15.30676963226374,47.44270631243509,1.0100598856645617,0.010066673683367812,0.14472486883161542,21.63910276826749,78.91305021174706,1.1867893103926836e-06
7043,30.659221497187723,22.80057748061564,53.45979897780336,1.8054001832365776,0.008698017554316196,0.19189241237051688,18.49957504695779,78.91305021174706,1.4671267453130232e-06
7053,30.382388393004913,24.28438583683693,54.66677422984184,1.8054001832365776,0.008698017554316196,0.22586482827825394,16.966954115393197,78.91305021174706,1.2446212784745538e-06
7099,32.48259139436124,13.107878440976481,45.59046983533773,1.0100598856645617,0.010066673683367812,0.14472486883161542,12.025559114678314,78.91305021174706,1.4671267453130232e-06
7105,30.5249131692074,23.098241552317965,53.62315472152537,1.8054001832365776,0.008698017554316196,0.19189241237051688,21.63910276826749,78.91305021174706,1.54960617812222e-06
7129,23.57081636217486,32.98442111470967,56.55523747688453,4.95477336878759,0.009569508337727876,0.4170943029749887,53.19831855856638,80.97346391189345,1.4671267453130232e-06
7144,33.16810918357728,3.254146249543501,36.42225543312078,1.0100598856645617,0.03463343903868386,0.13649433953046394,12.025559114678314,78.91305021174706,1.2446212784745538e-06
7166,24.74404544170021,31.745085450193116,56.489130891893325,3.42961079489487,0.009569508337727876,0.419007027175139,53.19831855856638,78.91305021174706,1.0746247031029727e-06
7181,27.365826858139975,28.15964990745448,55.525476765594455,3.42961079489487,0.009569508337727876,0.2918907020150273,53.19831855856638,78.91305021174706,1.0746247031029727e-06
7183,32.186041181369504,14.750184566046366,46.93622574741587,1.0100598856645617,0.008698017554316196,0.14472486883161542,7.704673657496365,78.91305021174706,1.4671267453130232e-06
7189,32.59177512524228,12.725674326329756,45.31744945157203,1.0100598856645617,0.009569508337727876,0.14472486883161542,7.704673657496365,78.91305021174706,1.2446212784745538e-06
7223,31.26227445364275,20.39807668303032,51.66035113667307,1.0100598856645617,0.008698017554316196,0.17534157142392734,18.49957504695779,80.97346391189345,1.4671267453130232e-06
7241,32.52652661048744,12.859355617319117,45.385882227806555,1.0100598856645617,0.009569508337727876,0.14472486883161542,8.858210845255327,78.91305021174706,1.4671267453130232e-06
7243,31.998978292495643,16.238429723068332,48.23740801556397,1.0042777651411843,0.008698017554316196,0.14472486883161542,11.286119700737487,78.91305021174706,1.4671267453130232e-06
7248,31.818886362948348,18.74895946248759,50.56784582543594,1.0100598856645617,0.008698017554316196,0.17534157142392734,12.025559114678314,80.97346391189345,1.0746247031029727e-06
7249,30.659221497187723,22.80057748061564,53.45979897780336,1.8054001832365776,0.008698017554316196,0.19189241237051688,18.49957504695779,78.91305021174706,1.4671267453130232e-06
7251,26.18658050765029,30.21718769010929,56.40376819775958,3.6508615376722675,0.009569508337727876,0.3401090828369047,53.19831855856638,80.97346391189345,1.4671267453130232e-06
7264,32.993316235097495,7.810489657906258,40.803805893003755,1.0100598856645617,0.009569508337727876,0.07058210605193928,8.858210845255327,78.91305021174706,1.4671267453130232e-06
7265,23.026334393224094,33.47268380730649,56.499018200530585,4.014839763781616,0.009569508337727876,0.48967816666395225,53.19831855856638,78.91305021174706,1.2446212784745538e-06
7303,32.35139511033228,14.074195075963036,46.42559018629531,1.0100598856645617,0.009569508337727876,0.14472486883161542,12.025559114678314,78.91305021174706,1.2446212784745538e-06
7338,28.210024873042453,27.5477917235449,55.757816596587354,2.5826334477054016,0.009569508337727876,0.2918907020150273,53.19831855856638,80.97346391189345,1.4671267453130232e-06
7341,32.186041181369504,14.750184566046366,46.93622574741587,1.0100598856645617,0.008698017554316196,0.14472486883161542,7.704673657496365,78.91305021174706,1.4671267453130232e-06
7343,29.53877174884238,24.91000045876269,54.44877220760507,3.42961079489487,0.009569508337727876,0.2918907020150273,15.382666136782571,80.97346391189345,1.2446212784745538e-06
7345,33.04421794603839,6.810422244860947,39.85464019089933,1.0100598856645617,0.009569508337727876,0.06441798531902292,8.510607914496259,78.91305021174706,2.328670127015952e-06
7371,33.043969690002235,6.882049603636826,39.92601929363906,1.0100598856645617,0.009569508337727876,0.06441798531902292,8.858210845255327,78.91305021174706,2.328670127015952e-06
7390,30.93570415054372,21.634575860816348,52.57028001136007,1.8054001832365776,0.008698017554316196,0.19189241237051688,12.025559114678314,78.91305021174706,1.54960617812222e-06
7398,32.21103355181434,14.738184927457871,46.94921847927221,1.0100598856645617,0.008698017554316196,0.1320862812493285,12.025559114678314,69.16329565667773,1.4671267453130232e-06
7401,32.186041181369504,14.750184566046366,46.93622574741587,1.0100598856645617,0.008698017554316196,0.14472486883161542,7.704673657496365,78.91305021174706,1.4671267453130232e-06
7407,30.5249131692074,23.098241552317965,53.62315472152537,1.8054001832365776,0.008698017554316196,0.19189241237051688,21.63910276826749,78.91305021174706,1.54960617812222e-06
7432,32.227531780592855,14.50213009959927,46.729661880192126,1.0100598856645617,0.009569508337727876,0.14472486883161542,14.593741567400247,78.91305021174706,1.4671267453130232e-06
7449,24.74404544170021,31.745085450193116,56.489130891893325,3.42961079489487,0.009569508337727876,0.419007027175139,53.19831855856638,78.91305021174706,1.0746247031029727e-06
7459,32.52652661048744,12.859355617319117,45.385882227806555,1.0100598856645617,0.009569508337727876,0.14472486883161542,8.858210845255327,78.91305021174706,1.4671267453130232e-06
7501,24.74404544170021,31.745085450193116,56.489130891893325,3.42961079489487,0.009569508337727876,0.419007027175139,53.19831855856638,78.91305021174706,1.0746247031029727e-06
7514,27.82341379256751,27.745565514139177,55.56897930670669,3.42961079489487,0.009569508337727876,0.3401090828369047,25.95234363462667,80.97346391189345,1.4671267453130232e-06
7524,30.93570415054372,21.634575860816348,52.57028001136007,1.8054001832365776,0.008698017554316196,0.19189241237051688,12.025559114678314,78.91305021174706,1.54960617812222e-06
7537,24.74404544170021,31.745085450193116,56.489130891893325,3.42961079489487,0.009569508337727876,0.419007027175139,53.19831855856638,78.91305021174706,1.0746247031029727e-06
7595,32.41368210499115,13.797702986110085,46.211385091101235,1.0100598856645617,0.009569508337727876,0.13649433953046394,12.025559114678314,78.91305021174706,1.2446212784745538e-06
7598,31.99195436143961,16.28152456733111,48.27347892877072,1.0100598856645617,0.008698017554316196,0.14472486883161542,11.286119700737487,78.91305021174706,1.4671267453130232e-06
7613,32.18584629166196,15.057484446981274,47.24333073864324,1.0100598856645617,0.008698017554316196,0.14472486883161542,7.704673657496365,78.91305021174706,1.2446212784745538e-06
7619,31.95296698587644,16.802390183030848,48.75535716890729,1.0100598856645617,0.008698017554316196,0.14472486883161542,12.025559114678314,78.91305021174706,1.2446212784745538e-06
7629,21.720070665554605,34.845461388335025,56.565532053889626,6.28879905307643,0.009569508337727876,0.48967816666395225,53.19831855856638,78.91305021174706,1.0746247031029727e-06
7664,32.227531780592855,14.50213009959927,46.729661880192126,1.0100598856645617,0.009569508337727876,0.14472486883161542,14.593741567400247,78.91305021174706,1.4671267453130232e-06
7674,32.64505190350788,12.204942890256836,44.849994793764715,1.0100598856645617,0.010066673683367812,0.14472486883161542,7.704673657496365,78.91305021174706,1.2446212784745538e-06
7676,32.52652661048744,12.859355617319117,45.385882227806555,1.0100598856645617,0.009569508337727876,0.14472486883161542,8.858210845255327,78.91305021174706,1.4671267453130232e-06
7680,24.74404544170021,31.745085450193116,56.489130891893325,3.42961079489487,0.009569508337727876,0.419007027175139,53.19831855856638,78.91305021174706,1.0746247031029727e-06
7688,32.227531780592855,14.50213009959927,46.729661880192126,1.0100598856645617,0.009569508337727876,0.14472486883161542,14.593741567400247,78.91305021174706,1.4671267453130232e-06
7702,31.99195436143961,16.28152456733111,48.27347892877072,1.0100598856645617,0.008698017554316196,0.14472486883161542,11.286119700737487,78.91305021174706,1.4671267453130232e-06
7726,29.53877174884238,24.91000045876269,54.44877220760507,3.42961079489487,0.009569508337727876,0.2918907020150273,15.382666136782571,80.97346391189345,1.2446212784745538e-06
7735,32.598925634441734,12.318541997618855,44.91746763206059,1.0100598856645617,0.010066673683367812,0.14472486883161542,8.858210845255327,78.91305021174706,1.4671267453130232e-06
7742,32.52652661048744,12.859355617319117,45.385882227806555,1.0100598856645617,0.009569508337727876,0.14472486883161542,8.858210845255327,78.91305021174706,1.4671267453130232e-06
7752,32.227531780592855,14.50213009959927,46.729661880192126,1.0100598856645617,0.009569508337727876,0.14472486883161542,14.593741567400247,78.91305021174706,1.4671267453130232e-06
7753,32.52652661048744,12.859355617319117,45.385882227806555,1.0100598856645617,0.009569508337727876,0.14472486883161542,8.858210845255327,78.91305021174706,1.4671267453130232e-06
7771,32.227531780592855,14.50213009959927,46.729661880192126,1.0100598856645617,0.009569508337727876,0.14472486883161542,14.593741567400247,78.91305021174706,1.4671267453130232e-06
7774,26.727381901763618,29.789449654720055,56.51683155648367,3.42961079489487,0.009569508337727876,0.3401090828369047,45.605935248059524,80.97346391189345,1.2446212784745538e-06
7794,29.53877174884238,24.91000045876269,54.44877220760507,3.42961079489487,0.009569508337727876,0.2918907020150273,15.382666136782571,80.97346391189345,1.2446212784745538e-06
7808,32.70904525151151,11.8501089631964,44.55915421470791,1.0100598856645617,0.009569508337727876,0.12186470831252749,7.704673657496365,78.91305021174706,1.2446212784745538e-06
7815,24.74404544170021,31.745085450193116,56.489130891893325,3.42961079489487,0.009569508337727876,0.419007027175139,53.19831855856638,78.91305021174706,1.0746247031029727e-06
7817,30.93570415054372,21.634575860816348,52.57028001136007,1.8054001832365776,0.008698017554316196,0.19189241237051688,12.025559114678314,78.91305021174706,1.54960617812222e-06
7820,29.53877174884238,24.91000045876269,54.44877220760507,3.42961079489487,0.009569508337727876,0.2918907020150273,15.382666136782571,80.97346391189345,1.2446212784745538e-06
7844,30.76190696365729,22.30690751499777,53.06881447865506,1.8054001832365776,0.008698017554316196,0.18472274745078338,16.966954115393197,78.91305021174706,1.0837899328538103e-06
7850,32.01092187979263,16.147370928103523,48.15829280789616,1.0100598856645617,0.008698017554316196,0.17534157142392734,8.858210845255327,78.91305021174706,1.2446212784745538e-06
7854,30.93570415054372,21.634575860816348,52.57028001136007,1.8054001832365776,0.008698017554316196,0.19189241237051688,12.025559114678314,78.91305021174706,1.54960617812222e-06
7868,31.457760422751626,19.812099631532142,51.26986005428377,1.0100598856645617,0.008698017554316196,0.17534157142392734,18.49957504695779,78.91305021174706,1.0746247031029727e-06
7898,33.04357669387626,6.901500688322647,39.94507738219891,1.0100598856645617,0.009569508337727876,0.06441798531902292,8.953167875740013,78.91305021174706,2.328670127015952e-06
7908,21.93049028536483,34.36319757696404,56.293687862328866,6.28879905307643,0.009569508337727876,0.48967816666395225,46.431764750098004,78.91305021174706,2.328670127015952e-06
7918,30.76190696365729,22.30690751499777,53.06881447865506,1.8054001832365776,0.008698017554316196,0.18472274745078338,16.966954115393197,78.91305021174706,1.0837899328538103e-06
7927,32.04633259881556,15.685481839260941,47.7318144380765,1.0100598856645617,0.009569508337727876,0.14472486883161542,18.49957504695779,78.91305021174706,1.2446212784745538e-06
7930,32.40101718669632,13.94151292000824,46.34253010670456,1.0100598856645617,0.010066673683367812,0.14472486883161542,14.593741567400247,78.91305021174706,1.2446212784745538e-06
7948,30.76190696365729,22.30690751499777,53.06881447865506,1.8054001832365776,0.008698017554316196,0.18472274745078338,16.966954115393197,78.91305021174706,1.0837899328538103e-06
7964,31.99195436143961,16.28152456733111,48.27347892877072,1.0100598856645617,0.008698017554316196,0.14472486883161542,11.286119700737487,78.91305021174706,1.4671267453130232e-06
7991,28.210024873042453,27.5477917235449,55.757816596587354,2.5826334477054016,0.009569508337727876,0.2918907020150273,53.19831855856638,80.97346391189345,1.4671267453130232e-06
8022,33.04421794603839,6.810422244860947,39.85464019089933,1.0100598856645617,0.009569508337727876,0.06441798531902292,8.510607914496259,78.91305021174706,2.328670127015952e-06
8045,32.42945729844918,13.461861408990961,45.89131870744014,1.0100598856645617,0.009569508337727876,0.134407121693098,12.025559114678314,78.91305021174706,1.4671267453130232e-06
8080,32.04633259881556,15.685481839260941,47.7318144380765,1.0100598856645617,0.009569508337727876,0.14472486883161542,18.49957504695779,78.91305021174706,1.2446212784745538e-06
8081,31.991491193004446,16.55656118906152,48.54805238206596,1.0100598856645617,0.008698017554316196,0.14472486883161542,11.286119700737487,78.91305021174706,1.2446212784745538e-06
8109,32.04633259881556,15.685481839260941,47.7318144380765,1.0100598856645617,0.009569508337727876,0.14472486883161542,18.49957504695779,78.91305021174706,1.2446212784745538e-06
8112,25.594693150698493,30.88536864281104,56.480061793509535,4.014839763781616,0.009569508337727876,0.35349415915446786,53.19831855856638,80.97346391189345,1.4671267453130232e-06
8113,32.78921632275721,10.880554430528578,43.66977075328579,1.0100598856645617,0.009569508337727876,0.134407121693098,3.8192856674673585,78.91305021174706,1.0746247031029727e-06
8125,27.17370737962773,28.28243225290999,55.45613963253772,4.014839763781616,0.009569508337727876,0.2918907020150273,46.431764750098004,80.97346391189345,1.4671267453130232e-06
8136,32.64505190350788,12.204942890256836,44.849994793764715,1.0100598856645617,0.010066673683367812,0.14472486883161542,7.704673657496365,78.91305021174706,1.2446212784745538e-06
8150,30.762815882578355,22.2001246087871,52.96294049136546,1.8054001832365776,0.008698017554316196,0.18472274745078338,16.966954115393197,78.91305021174706,1.4671267453130232e-06
8164,31.19349592069842,20.647883902809806,51.84137982350823,1.0100598856645617,0.008698017554316196,0.19189241237051688,21.63910276826749,78.91305021174706,1.2446212784745538e-06
8165,33.15072549952123,3.438517429646824,36.58924292916805,1.0100598856645617,0.03463343903868386,0.14472486883161542,12.025559114678314,78.91305021174706,1.2446212784745538e-06
8181,29.101299657724148,26.072604940775513,55.17390459849966,3.42961079489487,0.009569508337727876,0.2918907020150273,21.63910276826749,80.97346391189345,1.0746247031029727e-06
8185,31.88885371989422,17.91342785243758,49.8022815723318,1.0100598856645617,0.008698017554316196,0.16777698293090623,12.025559114678314,80.97346391189345,1.4671267453130232e-06
8198,32.227531780592855,14.50213009959927,46.729661880192126,1.0100598856645617,0.009569508337727876,0.14472486883161542,14.593741567400247,78.91305021174706,1.4671267453130232e-06
8208,32.59177512524228,12.725674326329756,45.31744945157203,1.0100598856645617,0.009569508337727876,0.14472486883161542,7.704673657496365,78.91305021174706,1.2446212784745538e-06
8217,33.15072549952123,3.438517429646824,36.58924292916805,1.0100598856645617,0.03463343903868386,0.14472486883161542,12.025559114678314,78.91305021174706,1.2446212784745538e-06
8229,31.99195436143961,16.28152456733111,48.27347892877072,1.0100598856645617,0.008698017554316196,0.14472486883161542,11.286119700737487,78.91305021174706,1.4671267453130232e-06
8251,33.16810918357728,3.254146249543501,36.42225543312078,1.0100598856645617,0.03463343903868386,0.13649433953046394,12.025559114678314,78.91305021174706,1.2446212784745538e-06
8256,30.93566168680822,21.685335779995146,52.62099746680337,1.8054001832365776,0.008698017554316196,0.19189241237051688,12.025559114678314,78.91305021174706,1.4671267453130232e-06
8270,30.76231600336921,22.262675347557227,53.02499135092644,1.8054001832365776,0.008698017554316196,0.18472274745078338,16.966954115393197,78.91305021174706,1.2446212784745538e-06
8273,29.53877174884238,24.91000045876269,54.44877220760507,3.42961079489487,0.009569508337727876,0.2918907020150273,15.382666136782571,80.97346391189345,1.2446212784745538e-06
8274,30.659221497187723,22.80057748061564,53.45979897780336,1.8054001832365776,0.008698017554316196,0.19189241237051688,18.49957504695779,78.91305021174706,1.4671267453130232e-06
8278,30.523769022508084,23.195724541578773,53.71949356408686,1.8054001832365776,0.008698017554316196,0.19189241237051688,21.63910276826749,78.91305021174706,1.0746247031029727e-06
8311,31.26227445364275,20.39807668303032,51.66035113667307,1.0100598856645617,0.008698017554316196,0.17534157142392734,18.49957504695779,80.97346391189345,1.4671267453130232e-06
8332,30.93566168680822,21.685335779995146,52.62099746680337,1.8054001832365776,0.008698017554316196,0.19189241237051688,12.025559114678314,78.91305021174706,1.4671267453130232e-06
8345,27.69147388491728,28.02038128713585,55.711855172053134,3.42961079489487,0.009569508337727876,0.2918907020150273,46.431764750098004,80.97346391189345,1.2446212784745538e-06
8357,31.19349592069842,20.647883902809806,51.84137982350823,1.0100598856645617,0.008698017554316196,0.19189241237051688,21.63910276826749,78.91305021174706,1.2446212784745538e-06
8367,26.38286723672195,30.097716797055263,56.48058403377721,3.42961079489487,0.009569508337727876,0.3401090828369047,53.19831855856638,80.97346391189345,1.2446212784745538e-06
8369,31.46213293617061,19.392375737860863,50.85450867403148,1.0100598856645617,0.008698017554316196,0.18472274745078338,16.966954115393197,78.91305021174706,1.2446212784745538e-06
8371,32.31819349240301,14.137616332109356,46.45580982451237,1.0100598856645617,0.009569508337727876,0.134407121693098,14.593741567400247,78.91305021174706,1.4671267453130232e-06
8387,33.057281866410236,6.178601154360439,39.23588302077067,1.0100598856645617,0.009569508337727876,0.060363863752004136,7.704673657496365,78.91305021174706,2.328670127015952e-06
8415,32.83705996590445,10.03084556521219,42.86790553111664,1.0100598856645617,0.009569508337727876,0.12186470831252749,3.8192856674673585,78.91305021174706,1.4671267453130232e-06
8420,32.52652661048744,12.859355617319117,45.385882227806555,1.0100598856645617,0.009569508337727876,0.14472486883161542,8.858210845255327,78.91305021174706,1.4671267453130232e-06
8431,32.41565349875111,13.786017214169496,46.20167071292061,1.0100598856645617,0.009569508337727876,0.13649433953046394,11.984211164332974,78.91305021174706,1.2446212784745538e-06
8432,31.991491193004446,16.55656118906152,48.54805238206596,1.0100598856645617,0.008698017554316196,0.14472486883161542,11.286119700737487,78.91305021174706,1.2446212784745538e-06
8436,29.53877174884238,24.91000045876269,54.44877220760507,3.42961079489487,0.009569508337727876,0.2918907020150273,15.382666136782571,80.97346391189345,1.2446212784745538e-06
8456,32.90922133720497,7.862519047423303,40.77174038462827,1.0100598856645617,0.009569508337727876,0.06441798531902292,13.614896582119755,78.91305021174706,1.4671267453130232e-06
8458,24.8387408922378,31.26396147943529,56.10270237167309,4.95477336878759,0.009569508337727876,0.35349415915446786,53.19831855856638,80.97346391189345,1.0746247031029727e-06
8459,31.90864671637373,17.459630770174208,49.36827748654794,1.0100598856645617,0.008698017554316196,0.14472486883161542,14.593741567400247,80.97346391189345,1.4671267453130232e-06
8470,29.53877174884238,24.91000045876269,54.44877220760507,3.42961079489487,0.009569508337727876,0.2918907020150273,15.382666136782571,80.97346391189345,1.2446212784745538e-06
8475,31.135172349093512,21.02156909871599,52.1567414478095,1.8054001832365776,0.008698017554316196,0.19189241237051688,8.889856317418692,78.91305021174706,1.0746247031029727e-06
8478,32.87958057168688,8.366737666195775,41.246318237882655,1.0100598856645617,0.010066673683367812,0.06834582427357275,15.382666136782571,78.91305021174706,1.2446212784745538e-06
8484,26.86811313303706,29.134963599546637,56.00307673258369,2.5826334477054016,0.009569508337727876,0.35349415915446786,53.19831855856638,78.91305021174706,1.0746247031029727e-06
8486,29.53877174884238,24.91000045876269,54.44877220760507,3.42961079489487,0.009569508337727876,0.2918907020150273,15.382666136782571,80.97346391189345,1.2446212784745538e-06
8495,30.76231600336921,22.262675347557227,53.02499135092644,1.8054001832365776,0.008698017554316196,0.18472274745078338,16.966954115393197,78.91305021174706,1.2446212784745538e-06
8496,30.173153292398506,24.767705138676945,54.940858431075455,1.8054001832365776,0.008698017554316196,0.22031827582514427,21.63910276826749,78.91305021174706,1.4671267453130232e-06
8498,29.101299657724148,26.072604940775513,55.17390459849966,3.42961079489487,0.009569508337727876,0.2918907020150273,21.63910276826749,80.97346391189345,1.0746247031029727e-06
8503,24.74404544170021,31.745085450193116,56.489130891893325,3.42961079489487,0.009569508337727876,0.419007027175139,53.19831855856638,78.91305021174706,1.0746247031029727e-06
8533,29.53877174884238,24.91000045876269,54.44877220760507,3.42961079489487,0.009569508337727876,0.2918907020150273,15.382666136782571,80.97346391189345,1.2446212784745538e-06
8560,33.15072549952123,3.438517429646824,36.58924292916805,1.0100598856645617,0.03463343903868386,0.14472486883161542,12.025559114678314,78.91305021174706,1.2446212784745538e-06
8579,28.210024873042453,27.5477917235449,55.757816596587354,2.5826334477054016,0.009569508337727876,0.2918907020150273,53.19831855856638,80.97346391189345,1.4671267453130232e-06
8583,28.48920246508635,27.023548973956665,55.512751439043015,2.5826334477054016,0.009569508337727876,0.2918907020150273,46.431764750098004,78.91305021174706,1.4671267453130232e-06
8586,27.156730493849114,28.74772325394116,55.90445374779027,2.5826334477054016,0.009569508337727876,0.3401090828369047,53.19831855856638,78.91305021174706,1.2446212784745538e-06
8587,30.76231600336921,22.262675347557227,53.02499135092644,1.8054001832365776,0.008698017554316196,0.18472274745078338,16.966954115393197,78.91305021174706,1.2446212784745538e-06
8597,21.956596166353094,34.311161969479684,56.26775813583278,6.28879905307643,0.009569508337727876,0.48967816666395225,45.605935248059524,78.91305021174706,2.328670127015952e-06
8600,24.74404544170021,31.745085450193116,56.489130891893325,3.42961079489487,0.009569508337727876,0.419007027175139,53.19831855856638,78.91305021174706,1.0746247031029727e-06
8614,32.227531780592855,14.50213009959927,46.729661880192126,1.0100598856645617,0.009569508337727876,0.14472486883161542,14.593741567400247,78.91305021174706,1.4671267453130232e-06
8615,27.365826858139975,28.15964990745448,55.525476765594455,3.42961079489487,0.009569508337727876,0.2918907020150273,53.19831855856638,78.91305021174706,1.0746247031029727e-06
8619,30.764207014142585,21.952187599357497,52.716394613500086,1.8054001832365776,0.008698017554316196,0.18472274745078338,16.966954115393197,78.91305021174706,2.328670127015952e-06
8626,26.09738840604702,30.50055327878946,56.597941684836485,3.42961079489487,0.009569508337727876,0.35349415915446786,53.19831855856638,80.97346391189345,1.4671267453130232e-06
8631,32.70904525151151,11.8501089631964,44.55915421470791,1.0100598856645617,0.009569508337727876,0.12186470831252749,7.704673657496365,78.91305021174706,1.2446212784745538e-06
8653,32.04633259881556,15.685481839260941,47.7318144380765,1.0100598856645617,0.009569508337727876,0.14472486883161542,18.49957504695779,78.91305021174706,1.2446212784745538e-06
8662,30.173153292398506,24.767705138676945,54.940858431075455,1.8054001832365776,0.008698017554316196,0.22031827582514427,21.63910276826749,78.91305021174706,1.4671267453130232e-06
8668,28.311181101266765,27.11134708266725,55.42252818393402,3.42961079489487,0.009569508337727876,0.3331937180789704,21.63910276826749,80.97346391189345,1.0746247031029727e-06
8669,33.03202000000335,7.0673111749179744,40.099331174921325,1.0100598856645617,0.009569508337727876,0.06441798531902292,8.858210845255327,78.91305021174706,1.4671267453130232e-06
8672,29.101299657724148,26.072604940775513,55.17390459849966,3.42961079489487,0.009569508337727876,0.2918907020150273,21.63910276826749,80.97346391189345,1.0746247031029727e-06
8673,24.29373820784996,32.43005288074213,56.723791088592094,4.014839763781616,0.009569508337727876,0.419007027175139,53.19831855856638,78.91305021174706,1.0746247031029727e-06
8676,31.19349592069842,20.647883902809806,51.84137982350823,1.0100598856645617,0.008698017554316196,0.19189241237051688,21.63910276826749,78.91305021174706,1.2446212784745538e-06
