trial,linear_mc,nonlinear_mc,total_mc,input_force,m_val,m_spread,c_val,c_spread,k_wall_val,k_wall_spread,k_between_val,k_between_spread,wall_rest_spread,between_rest_spread,ridge_alpha
3606,48.77397855288463,4.784340664736284,53.55831921762091,5.245413993140336,0.03038027549946027,0.007925456797868324,0.4120579376102117,0.7186098618255685,5.8774721288796,1.080654620868664,98.6416708615901,0.6087670929915812,1.1540267369865085,0.9158653711831447,2.1038771230648366e-06
3651,58.57756586178952,1.253851536050874,59.8314173978404,5.245413993140336,0.021966873773064614,0.08981597176864942,0.12615106220885586,0.8717951055729352,1.4056083189495427,1.2898828018697517,94.61146042672904,0.33279388005294136,1.3890637168667692,0.8010869639365119,4.343429493003475e-06
3855,40.4602328598961,13.332930584544687,53.79316344444079,5.245413993140336,0.019125155130627437,0.08173395261699556,0.4120579376102117,0.8717951055729352,41.66154811682372,0.7297455375332902,98.6416708615901,0.14692212651879782,1.209109649444219,0.8010869639365119,2.1038771230648366e-06
4198,48.77397855288463,4.784340664736284,53.55831921762091,5.245413993140336,0.03038027549946027,0.007925456797868324,0.4120579376102117,0.7186098618255685,5.8774721288796,1.080654620868664,98.6416708615901,0.6087670929915812,1.1540267369865085,0.9158653711831447,2.1038771230648366e-06
4862,55.62664788660347,1.6589802012046087,57.28562808780808,5.245413993140336,0.03038027549946027,0.08173395261699556,0.2345370319995722,0.8715336252138003,5.8774721288796,1.484226923085714,98.6416708615901,0.6087670929915812,1.2974912099205862,0.9158653711831447,2.1038771230648366e-06
4923,53.430411261980524,2.530442590530468,55.96085385251099,10.877854836518644,0.03038027549946027,0.3936576523393438,0.2345370319995722,0.2965654106455736,5.8774721288796,1.484226923085714,98.6416708615901,0.33279388005294136,1.2974912099205862,1.1546551456676255,4.343429493003475e-06
4986,54.50181203315769,2.044278270194933,56.54609030335262,5.245413993140336,0.03038027549946027,0.28988344429582863,0.2345370319995722,0.2454924989231811,5.8774721288796,1.484226923085714,98.6416708615901,0.33279388005294136,1.1540267369865085,0.8010869639365119,4.343429493003475e-06
5239,28.24166754500402,25.72553718318499,53.96720472818901,10.877854836518644,0.03038027549946027,0.3787184497362417,0.807738690329122,0.21606902729252941,45.6508402201298,0.396687138771568,98.6416708615901,0.2395452449940939,0.7699502779177346,0.7407180681038071,2.267358369341208e-06
5274,49.09298006083277,4.546809406933051,53.63978946776582,5.245413993140336,0.03038027549946027,0.08173395261699556,0.4120579376102117,0.8598037443596492,5.8774721288796,0.6419517764288287,98.6416708615901,0.6087670929915812,1.1540267369865085,0.9158653711831447,2.1038771230648366e-06
5332,55.79296368342034,1.6503505034731203,57.44331418689346,5.245413993140336,0.021966873773064614,0.08173395261699556,0.2345370319995722,0.8715336252138003,1.4056083189495427,1.2898828018697517,98.6416708615901,0.33279388005294136,0.7043440375156889,0.8010869639365119,5.240903679623924e-06
5500,48.77397855288463,4.784340664736284,53.55831921762091,5.245413993140336,0.03038027549946027,0.007925456797868324,0.4120579376102117,0.7186098618255685,5.8774721288796,1.080654620868664,98.6416708615901,0.6087670929915812,1.1540267369865085,0.9158653711831447,2.1038771230648366e-06
5685,32.70654263138918,21.13408249860099,53.84062512999017,8.556213008137046,0.024099244621516126,0.2975664073833317,0.5673687007336011,0.21606902729252941,35.86671955459044,0.7297455375332902,98.6416708615901,0.2395452449940939,1.1540267369865085,0.8010869639365119,2.1038771230648366e-06
5795,54.353069240293884,2.0710192375037377,56.424088477797625,5.245413993140336,0.03038027549946027,0.08981597176864942,0.2345370319995722,0.2454924989231811,5.8774721288796,1.484226923085714,94.61146042672904,0.33279388005294136,1.3890637168667692,0.8010869639365119,4.343429493003475e-06
5868,54.50181203315769,2.044278270194933,56.54609030335262,5.245413993140336,0.03038027549946027,0.28988344429582863,0.2345370319995722,0.2454924989231811,5.8774721288796,1.484226923085714,98.6416708615901,0.33279388005294136,1.1540267369865085,0.8010869639365119,4.343429493003475e-06
5883,51.162157769336424,3.755207356674,54.917365126010424,5.245413993140336,0.021966873773064614,0.2648234132627014,0.2345370319995722,0.2965654106455736,5.8774721288796,1.2898828018697517,94.61146042672904,0.33279388005294136,1.1540267369865085,0.8010869639365119,4.343429493003475e-06
5991,56.6960994559481,1.5822708176645386,58.27837027361264,5.245413993140336,0.03038027549946027,0.026937100580568585,0.2345370319995722,0.8717951055729352,5.8774721288796,1.2898828018697517,94.61146042672904,0.33279388005294136,1.3890637168667692,1.198741536517307,4.343429493003475e-06
6032,28.793934881869166,25.426999246010542,54.22093412787971,7.244472656270025,0.024099244621516126,0.08173395261699556,0.5926143650576037,0.19189790819770397,47.99808575727438,0.7638461919908635,98.6416708615901,0.4990992421463971,0.23886283196880004,0.51115025563667,4.343429493003475e-06
6050,30.879745667780412,23.893437481953725,54.77318314973414,10.877854836518644,0.024099244621516126,0.2975664073833317,0.5926143650576037,0.19189790819770397,47.99808575727438,0.7638461919908635,98.6416708615901,0.2395452449940939,1.1570642934500739,0.6775759777641851,2.1038771230648366e-06
6145,55.24689525856392,1.9323743406811384,57.17926959924505,5.245413993140336,0.03038027549946027,0.3936576523393438,0.2345370319995722,0.6220840009297565,5.8774721288796,1.484226923085714,98.6416708615901,0.33279388005294136,1.2974912099205862,0.9158653711831447,2.1038771230648366e-06
6159,58.57756586178952,1.253851536050874,59.8314173978404,5.245413993140336,0.021966873773064614,0.08981597176864942,0.12615106220885586,0.8717951055729352,1.4056083189495427,1.2898828018697517,94.61146042672904,0.33279388005294136,1.3890637168667692,0.8010869639365119,4.343429493003475e-06
6185,27.344435834352726,27.15187127242922,54.49630710678194,10.058796034971596,0.03038027549946027,0.3787184497362417,0.807738690329122,0.07861675458476158,45.6508402201298,0.396687138771568,98.6416708615901,0.2395452449940939,0.7699502779177346,0.51115025563667,2.267358369341208e-06
6203,48.7088013058163,4.843071109506677,53.551872415322975,5.245413993140336,0.03038027549946027,0.007925456797868324,0.4120579376102117,0.7186098618255685,5.8774721288796,1.080654620868664,98.6416708615901,0.5557547632162355,1.1540267369865085,0.9158653711831447,2.1038771230648366e-06
6234,34.41083408793939,19.589481530115613,54.000315618055005,10.877854836518644,0.024099244621516126,0.2975664073833317,0.5926143650576037,0.7186098618255685,35.865549814011096,0.7638461919908635,98.6416708615901,0.2395452449940939,1.1540267369865085,0.6775759777641851,2.1038771230648366e-06
6295,49.09298006083277,4.546809406933051,53.63978946776582,5.245413993140336,0.03038027549946027,0.08173395261699556,0.4120579376102117,0.8598037443596492,5.8774721288796,0.6419517764288287,98.6416708615901,0.6087670929915812,1.1540267369865085,0.9158653711831447,2.1038771230648366e-06
6460,23.525142403265217,31.470759814948394,54.995902218213615,12.214752017762354,0.024099244621516126,0.08173395261699556,0.807738690329122,0.2284118304472575,41.66154811682372,0.7638461919908635,98.6416708615901,0.33279388005294136,0.23886283196880004,0.51115025563667,2.1038771230648366e-06
6480,42.90983208386512,10.19238014776077,53.10221223162589,5.245413993140336,0.023554272151894116,0.28988344429582863,0.4120579376102117,0.7186098618255685,19.15408445903519,1.484226923085714,98.6416708615901,0.33279388005294136,1.1540267369865085,0.32522926579248107,2.1038771230648366e-06
6617,30.879745667780412,23.893437481953725,54.77318314973414,10.877854836518644,0.024099244621516126,0.2975664073833317,0.5926143650576037,0.19189790819770397,47.99808575727438,0.7638461919908635,98.6416708615901,0.2395452449940939,1.1570642934500739,0.6775759777641851,2.1038771230648366e-06
6626,49.09298006083277,4.546809406933051,53.63978946776582,5.245413993140336,0.03038027549946027,0.08173395261699556,0.4120579376102117,0.8598037443596492,5.8774721288796,0.6419517764288287,98.6416708615901,0.6087670929915812,1.1540267369865085,0.9158653711831447,2.1038771230648366e-06
6687,34.56143763732469,19.043514859385258,53.60495249670994,10.877854836518644,0.024099244621516126,0.28988344429582863,0.5926143650576037,0.7186098618255685,35.865549814011096,0.9841099662211699,98.6416708615901,0.2395452449940939,1.1540267369865085,0.6775759777641851,2.1038771230648366e-06
6842,58.23313282318136,1.2772483654412798,59.51038118862264,5.245413993140336,0.024099244621516126,0.08981597176864942,0.09540582748310028,0.19189790819770397,1.1445112738702679,1.2898828018697517,94.61146042672904,0.2395452449940939,1.1540267369865085,0.8010869639365119,4.343429493003475e-06
6876,49.435084424386176,4.427167046466996,53.862251470853174,5.245413993140336,0.03038027549946027,0.08173395261699556,0.4120579376102117,0.8598037443596492,5.8774721288796,0.2391105766175048,98.6416708615901,0.6087670929915812,1.1540267369865085,0.9158653711831447,2.1038771230648366e-06
7121,47.081529303080956,6.418235497991552,53.49976480107251,5.245413993140336,0.021966873773064614,0.28988344429582863,0.31283532117804513,0.7186098618255685,5.8774721288796,0.6419517764288287,94.61146042672904,0.3686296623840439,1.1540267369865085,0.8010869639365119,2.1038771230648366e-06
7154,34.57937345167136,19.009291636994142,53.5886650886655,10.877854836518644,0.024099244621516126,0.2975664073833317,0.5926143650576037,0.7186098618255685,35.865549814011096,0.9841099662211699,98.6416708615901,0.2395452449940939,1.1570642934500739,0.6775759777641851,2.1038771230648366e-06
7187,34.17475523245821,19.786605734731985,53.961360967190195,10.877854836518644,0.024099244621516126,0.2975664073833317,0.5926143650576037,0.7186098618255685,35.865549814011096,0.7638461919908635,98.6416708615901,0.016968506252760196,1.1540267369865085,0.6775759777641851,2.1038771230648366e-06
7287,49.435084424386176,4.427167046466996,53.862251470853174,5.245413993140336,0.03038027549946027,0.08173395261699556,0.4120579376102117,0.8598037443596492,5.8774721288796,0.2391105766175048,98.6416708615901,0.6087670929915812,1.1540267369865085,0.9158653711831447,2.1038771230648366e-06
7306,27.891951413720996,25.8892562445558,53.7812076582768,12.214752017762354,0.024099244621516126,0.08173395261699556,0.807738690329122,0.7210521980086242,41.66154811682372,0.44321164479149555,98.6416708615901,0.33279388005294136,0.23886283196880004,0.6775759777641851,2.1038771230648366e-06
7309,47.62751223463721,5.7518614597479525,53.37937369438516,5.245413993140336,0.021966873773064614,0.08981597176864942,0.31283532117804513,0.7186098618255685,5.8774721288796,0.6419517764288287,98.6416708615901,0.33279388005294136,1.1540267369865085,0.8010869639365119,2.1038771230648366e-06
7367,49.733421840338266,4.172974863475711,53.906396703813975,5.116406292710453,0.024099244621516126,0.28988344429582863,0.2345370319995722,0.7186098618255685,5.8774721288796,0.5963604131907346,94.61146042672904,0.018920528797256864,0.23886283196880004,0.6775759777641851,1.211443114985371e-06
7397,34.41083408793939,19.589481530115613,54.000315618055005,10.877854836518644,0.024099244621516126,0.2975664073833317,0.5926143650576037,0.7186098618255685,35.865549814011096,0.7638461919908635,98.6416708615901,0.2395452449940939,1.1540267369865085,0.6775759777641851,2.1038771230648366e-06
7423,34.74023204274354,18.951584134055597,53.691816176799136,10.877854836518644,0.02565725094970552,0.2975664073833317,0.5926143650576037,0.7186098618255685,35.865549814011096,0.7638461919908635,98.6416708615901,0.2395452449940939,1.1540267369865085,0.6775759777641851,2.1038771230648366e-06
7478,41.42963338470573,11.554300687944911,52.98393407265064,10.877854836518644,0.024099244621516126,0.3676044917349766,0.4120579376102117,0.21606902729252941,5.8774721288796,0.7297455375332902,98.6416708615901,0.2395452449940939,1.2974912099205862,0.9158653711831447,2.1038771230648366e-06
7580,30.879745667780412,23.893437481953725,54.77318314973414,10.877854836518644,0.024099244621516126,0.2975664073833317,0.5926143650576037,0.19189790819770397,47.99808575727438,0.7638461919908635,98.6416708615901,0.2395452449940939,1.1570642934500739,0.6775759777641851,2.1038771230648366e-06
7597,50.021056070231126,4.021716294372908,54.04277236460403,5.245413993140336,0.024099244621516126,0.28988344429582863,0.2345370319995722,0.7186098618255685,5.8774721288796,1.2938689069171037,94.61146042672904,0.018920528797256864,0.7699502779177346,0.51115025563667,2.1038771230648366e-06
7602,50.64000997869116,3.8692899560992027,54.50929993479036,5.245413993140336,0.021966873773064614,0.3787184497362417,0.2345370319995722,0.8598037443596492,5.8774721288796,1.484226923085714,94.61146042672904,0.2395452449940939,0.8703925440618041,0.51115025563667,2.1038771230648366e-06
7610,34.56143763732469,19.043514859385258,53.60495249670994,10.877854836518644,0.024099244621516126,0.28988344429582863,0.5926143650576037,0.7186098618255685,35.865549814011096,0.9841099662211699,98.6416708615901,0.2395452449940939,1.1540267369865085,0.6775759777641851,2.1038771230648366e-06
7637,24.18553322794762,30.76327582610194,54.94880905404956,10.877854836518644,0.024099244621516126,0.08173395261699556,0.807738690329122,0.19189790819770397,41.66154811682372,0.7638461919908635,98.6416708615901,0.33279388005294136,0.23886283196880004,0.6775759777641851,2.1038771230648366e-06
7680,57.80457169786729,1.4076800948931893,59.212251792760476,5.245413993140336,0.03038027549946027,0.4212595585654096,0.12615106220885586,0.8598037443596492,1.1445112738702679,0.7300174494383114,94.61146042672904,0.18717931067854665,1.1540267369865085,1.291665249894145,4.343429493003475e-06
7731,46.6967785549271,6.42413158869516,53.12091014362226,5.245413993140336,0.024099244621516126,0.007925456797868324,0.4120579376102117,0.8715336252138003,5.8774721288796,0.7638461919908635,98.6416708615901,0.6087670929915812,0.7699502779177346,0.9158653711831447,2.1038771230648366e-06
7815,35.5338823042408,17.780063647414572,53.31394595165537,8.556213008137046,0.024099244621516126,0.2975664073833317,0.5673687007336011,0.7186098618255685,35.86671955459044,0.7638461919908635,98.6416708615901,0.2395452449940939,1.1540267369865085,0.6775759777641851,4.343429493003475e-06
7883,31.646971323733794,22.862926444326288,54.509897768060085,10.877854836518644,0.024099244621516126,0.2975664073833317,0.5926143650576037,0.19189790819770397,41.66154811682372,0.7638461919908635,98.6416708615901,0.2395452449940939,1.3987664163407216,0.6775759777641851,2.1038771230648366e-06
7900,49.435084424386176,4.427167046466996,53.862251470853174,5.245413993140336,0.03038027549946027,0.08173395261699556,0.4120579376102117,0.8598037443596492,5.8774721288796,0.2391105766175048,98.6416708615901,0.6087670929915812,1.1540267369865085,0.9158653711831447,2.1038771230648366e-06
7934,45.4777413796058,7.52454009020901,53.00228146981481,5.245413993140336,0.021966873773064614,0.007925456797868324,0.4120579376102117,0.8715336252138003,5.8774721288796,0.7638461919908635,94.61146042672904,0.6087670929915812,1.4695831395488308,0.51115025563667,2.1038771230648366e-06
7993,24.288699451283133,30.65742797865511,54.946127429938244,10.877854836518644,0.024099244621516126,0.08173395261699556,0.807738690329122,0.19189790819770397,41.66154811682372,0.7638461919908635,98.6416708615901,0.2395452449940939,0.5398468992816571,0.51115025563667,2.1038771230648366e-06
8010,50.28385221899147,3.8803462144362855,54.16419843342776,5.245413993140336,0.021966873773064614,0.08981597176864942,0.2345370319995722,0.8717951055729352,5.8774721288796,0.6419517764288287,94.61146042672904,0.33279388005294136,0.07675947898475499,0.8010869639365119,4.343429493003475e-06
8011,54.204268044520155,2.2517218820453375,56.45598992656549,5.245413993140336,0.03038027549946027,0.3936576523393438,0.2345370319995722,0.2965654106455736,5.8774721288796,1.484226923085714,94.61146042672904,0.33279388005294136,1.1540267369865085,0.9158653711831447,2.1038771230648366e-06
8012,47.93927162674993,5.467353938610328,53.40662556536026,5.245413993140336,0.024099244621516126,0.2975664073833317,0.31283532117804513,0.8664840415765542,5.8774721288796,0.6419517764288287,94.61146042672904,0.2395452449940939,1.1540267369865085,0.7123418565646167,2.1038771230648366e-06
8069,34.56143763732469,19.043514859385258,53.60495249670994,10.877854836518644,0.024099244621516126,0.28988344429582863,0.5926143650576037,0.7186098618255685,35.865549814011096,0.9841099662211699,98.6416708615901,0.2395452449940939,1.1540267369865085,0.6775759777641851,2.1038771230648366e-06
8132,48.21701118275962,5.437179394408043,53.65419057716766,10.877854836518644,0.03038027549946027,0.3676044917349766,0.4120579376102117,0.8717951055729352,5.8774721288796,0.6419517764288287,98.6416708615901,0.33279388005294136,1.2974912099205862,1.2039753599473146,2.1038771230648366e-06
8140,26.15910280534347,28.778959135310096,54.93806194065357,12.214752017762354,0.024099244621516126,0.08173395261699556,0.807738690329122,0.2284118304472575,41.66154811682372,0.7638461919908635,98.6416708615901,0.33279388005294136,0.9517414270873681,0.7123418565646167,2.1038771230648366e-06
8203,30.786742846572402,23.96093414019788,54.74767698677029,12.214752017762354,0.024099244621516126,0.2975664073833317,0.5926143650576037,0.2284118304472575,41.66154811682372,0.7638461919908635,98.6416708615901,0.2395452449940939,1.1570642934500739,0.6775759777641851,2.1038771230648366e-06
8221,46.6967785549271,6.42413158869516,53.12091014362226,5.245413993140336,0.024099244621516126,0.007925456797868324,0.4120579376102117,0.8715336252138003,5.8774721288796,0.7638461919908635,98.6416708615901,0.6087670929915812,0.7699502779177346,0.9158653711831447,2.1038771230648366e-06
8260,58.746704296361884,1.2520280582607863,59.99873235462267,5.245413993140336,0.024099244621516126,0.08173395261699556,0.11769668604009582,0.2284118304472575,1.1445112738702679,1.484226923085714,94.61146042672904,0.2395452449940939,1.2974912099205862,0.9158653711831447,4.343429493003475e-06
8302,38.47973138630458,14.035800569774018,52.5155319560786,5.245413993140336,0.024099244621516126,0.2975664073833317,0.4120579376102117,0.21606902729252941,19.15408445903519,0.7297455375332902,98.6416708615901,0.2395452449940939,0.7699502779177346,0.6775759777641851,2.1038771230648366e-06
8305,22.359712551073127,32.23850559902037,54.5982181500935,21.183844928151355,0.024099244621516126,0.007925456797868324,0.807738690329122,0.07861675458476158,41.66154811682372,0.7638461919908635,98.6416708615901,0.2395452449940939,0.7699502779177346,0.51115025563667,2.267358369341208e-06
8355,52.70740970684002,2.991162339685076,55.69857204652509,5.245413993140336,0.021966873773064614,0.28988344429582863,0.2345370319995722,0.8332444304326968,5.8774721288796,1.484226923085714,94.61146042672904,0.018920528797256864,1.1540267369865085,0.8010869639365119,2.1038771230648366e-06
8407,49.090072917177764,4.5793450746005675,53.66941799177833,5.245413993140336,0.03038027549946027,0.08173395261699556,0.4120579376102117,0.8598037443596492,5.8774721288796,0.5619529580576423,98.6416708615901,0.6087670929915812,1.1540267369865085,0.9158653711831447,2.1038771230648366e-06
8435,37.146391379192146,16.036047750616593,53.18243912980874,10.877854836518644,0.024099244621516126,0.28988344429582863,0.5667882730348237,0.7186098618255685,19.15408445903519,1.484226923085714,98.6416708615901,0.2395452449940939,1.2974912099205862,0.6775759777641851,2.1038771230648366e-06
8446,37.80391826661289,14.582379484648424,52.38629775126131,10.877854836518644,0.024099244621516126,0.28988344429582863,0.5667882730348237,0.7186098618255685,19.15408445903519,1.484226923085714,98.6416708615901,0.2395452449940939,1.1540267369865085,1.0189280796686258,4.343429493003475e-06
8526,47.807537525650375,5.590526476891744,53.39806400254212,5.245413993140336,0.03038027549946027,0.3787184497362417,0.4120579376102117,0.8717951055729352,5.8774721288796,0.2391105766175048,98.6416708615901,0.2395452449940939,0.7699502779177346,0.9158653711831447,2.1038771230648366e-06
8542,45.901561738656945,7.157868936427976,53.05943067508492,5.245413993140336,0.023554272151894116,0.2975664073833317,0.31283532117804513,0.7186098618255685,19.15408445903519,1.484226923085714,94.61146042672904,0.33279388005294136,1.1540267369865085,0.32522926579248107,4.343429493003475e-06
8572,44.47352698023497,7.901118054618069,52.37464503485304,5.245413993140336,0.03038027549946027,0.4212595585654096,0.4120579376102117,0.7186098618255685,19.15408445903519,0.7638461919908635,98.6416708615901,0.33279388005294136,1.1540267369865085,0.6775759777641851,2.1038771230648366e-06
8611,58.323330591605746,1.2558223760959555,59.5791529677017,5.245413993140336,0.023554272151894116,0.15450841561573675,0.12615106220885586,0.5366327286372794,1.1445112738702679,1.484226923085714,94.61146042672904,0.33279388005294136,1.1540267369865085,0.9158653711831447,4.343429493003475e-06
8634,25.678831482060456,29.470531130755788,55.14936261281625,12.214752017762354,0.024099244621516126,0.08173395261699556,0.807738690329122,0.2284118304472575,41.66154811682372,0.7638461919908635,98.6416708615901,0.33279388005294136,0.9517414270873681,0.51115025563667,2.1038771230648366e-06
8671,43.33844532297434,9.687891716163113,53.02633703913745,5.245413993140336,0.024099244621516126,0.28988344429582863,0.4120579376102117,0.7186098618255685,19.15408445903519,1.484226923085714,98.6416708615901,0.33279388005294136,1.2974912099205862,0.6775759777641851,2.1038771230648366e-06
8700,46.6967785549271,6.42413158869516,53.12091014362226,5.245413993140336,0.024099244621516126,0.007925456797868324,0.4120579376102117,0.8715336252138003,5.8774721288796,0.7638461919908635,98.6416708615901,0.6087670929915812,0.7699502779177346,0.9158653711831447,2.1038771230648366e-06
8705,36.332748740298335,16.613905594353163,52.9466543346515,10.877854836518644,0.024099244621516126,0.28988344429582863,0.5926143650576037,0.7186098618255685,19.15408445903519,1.484226923085714,98.6416708615901,0.33279388005294136,1.1540267369865085,0.6775759777641851,4.343429493003475e-06
8752,34.41676568288206,19.474781744994903,53.89154742787696,10.877854836518644,0.024099244621516126,0.28988344429582863,0.5926143650576037,0.7186098618255685,35.39142575304841,0.9841099662211699,98.6416708615901,0.07407032989466256,1.1540267369865085,0.6775759777641851,2.1038771230648366e-06
8783,31.91637115989544,22.504470809928506,54.42084196982395,10.877854836518644,0.024099244621516126,0.2975664073833317,0.5926143650576037,0.19189790819770397,41.66154811682372,0.8796036806730851,98.6416708615901,0.2395452449940939,1.3987664163407216,0.6775759777641851,2.1038771230648366e-06
8790,21.428530387724475,32.44173024530777,53.870260633032245,25.948461656764987,0.024099244621516126,0.08173395261699556,0.807738690329122,0.07861675458476158,41.66154811682372,0.630405644814003,85.69762729633804,0.33279388005294136,0.9517414270873681,0.51115025563667,2.267358369341208e-06
8792,44.92403357743656,7.617713386928562,52.541746964365124,5.245413993140336,0.023701327362794403,0.3787184497362417,0.4120579376102117,0.8717951055729352,5.8774721288796,0.7735177066976584,98.6416708615901,0.2395452449940939,0.7699502779177346,0.51115025563667,2.1038771230648366e-06
8819,47.58023454545054,5.988000289617735,53.568234835068274,5.245413993140336,0.024099244621516126,0.007925456797868324,0.4120579376102117,0.8598037443596492,5.8774721288796,0.2391105766175048,98.6416708615901,0.6087670929915812,1.1540267369865085,0.9158653711831447,2.1038771230648366e-06
8846,31.646971323733794,22.862926444326288,54.509897768060085,10.877854836518644,0.024099244621516126,0.2975664073833317,0.5926143650576037,0.19189790819770397,41.66154811682372,0.7638461919908635,98.6416708615901,0.2395452449940939,1.3987664163407216,0.6775759777641851,2.1038771230648366e-06
8867,58.09453595796722,1.3563734648187995,59.45090942278602,9.48289868715524,0.024099244621516126,0.28988344429582863,0.12615106220885586,0.8332444304326968,1.1445112738702679,1.484226923085714,94.61146042672904,0.018920528797256864,1.1540267369865085,0.9158653711831447,4.343429493003475e-06
8896,42.63312527933728,10.46203755197165,53.095162831308926,5.245413993140336,0.023554272151894116,0.2975664073833317,0.4120579376102117,0.7186098618255685,19.15408445903519,1.484226923085714,94.61146042672904,0.33279388005294136,1.1540267369865085,0.32522926579248107,2.1038771230648366e-06
8910,29.659017152035847,25.163803509495846,54.82282066153169,10.877854836518644,0.024099244621516126,0.2975664073833317,0.5926143650576037,0.2284118304472575,47.99808575727438,0.7638461919908635,98.6416708615901,0.2395452449940939,0.7699502779177346,0.6775759777641851,2.1038771230648366e-06
8950,25.17691523782228,29.81632682667849,54.99324206450077,12.214752017762354,0.024099244621516126,0.08173395261699556,0.807738690329122,0.2284118304472575,41.66154811682372,0.7638461919908635,98.6416708615901,0.2395452449940939,0.9517414270873681,0.51115025563667,2.1038771230648366e-06
8953,34.56143763732469,19.043514859385258,53.60495249670994,10.877854836518644,0.024099244621516126,0.28988344429582863,0.5926143650576037,0.7186098618255685,35.865549814011096,0.9841099662211699,98.6416708615901,0.2395452449940939,1.1540267369865085,0.6775759777641851,2.1038771230648366e-06
8961,27.546149166830684,26.086497519351518,53.6326466861822,10.877854836518644,0.024099244621516126,0.08173395261699556,0.5926143650576037,0.19189790819770397,41.66154811682372,0.7638461919908635,98.6416708615901,0.2395452449940939,0.7699502779177346,0.51115025563667,2.1038771230648366e-06
8982,26.70911247385809,27.159839427426373,53.86895190128446,10.877854836518644,0.024099244621516126,0.08173395261699556,0.807738690329122,0.5625277583787609,41.66154811682372,0.7638461919908635,98.6416708615901,0.2395452449940939,0.5398468992816571,0.51115025563667,4.343429493003475e-06
9022,24.632774400799786,30.64306068974855,55.275835090548334,12.214752017762354,0.024099244621516126,0.08173395261699556,0.807738690329122,0.19189790819770397,41.66154811682372,0.7638461919908635,98.6416708615901,0.33279388005294136,0.5398468992816571,0.51115025563667,2.1038771230648366e-06
9023,43.33844532297434,9.687891716163113,53.02633703913745,5.245413993140336,0.024099244621516126,0.28988344429582863,0.4120579376102117,0.7186098618255685,19.15408445903519,1.484226923085714,98.6416708615901,0.33279388005294136,1.2974912099205862,0.6775759777641851,2.1038771230648366e-06
9055,25.75197248765115,29.112675532202424,54.864648019853576,10.877854836518644,0.024099244621516126,0.08173395261699556,0.807738690329122,0.19189790819770397,41.66154811682372,0.7638461919908635,98.6416708615901,0.33279388005294136,0.9517414270873681,0.51115025563667,2.1038771230648366e-06
9079,44.92403357743656,7.617713386928562,52.541746964365124,5.245413993140336,0.023701327362794403,0.3787184497362417,0.4120579376102117,0.8717951055729352,5.8774721288796,0.7735177066976584,98.6416708615901,0.2395452449940939,0.7699502779177346,0.51115025563667,2.1038771230648366e-06
9100,25.17691523782228,29.81632682667849,54.99324206450077,12.214752017762354,0.024099244621516126,0.08173395261699556,0.807738690329122,0.2284118304472575,41.66154811682372,0.7638461919908635,98.6416708615901,0.2395452449940939,0.9517414270873681,0.51115025563667,2.1038771230648366e-06
9106,49.03565979609904,4.683318087755545,53.718977883854585,5.245413993140336,0.023554272151894116,0.28988344429582863,0.31283532117804513,0.8332444304326968,5.8774721288796,0.7297455375332902,98.6416708615901,0.018920528797256864,1.2974912099205862,0.8790822788472755,2.1038771230648366e-06
9155,30.532251476154823,24.022071679444256,54.55432315559908,10.877854836518644,0.024099244621516126,0.2975664073833317,0.5926143650576037,0.19189790819770397,41.66154811682372,0.7638461919908635,98.6416708615901,0.2395452449940939,1.1570642934500739,0.51115025563667,2.1038771230648366e-06
9166,39.15669696886705,13.354938346746806,52.51163531561386,5.245413993140336,0.024099244621516126,0.2975664073833317,0.4120579376102117,0.3710922296723819,41.66154811682372,0.40306024747304386,98.6416708615901,0.2395452449940939,1.1541353647075911,0.7913975742065766,4.343429493003475e-06
9193,24.288699451283133,30.65742797865511,54.946127429938244,10.877854836518644,0.024099244621516126,0.08173395261699556,0.807738690329122,0.19189790819770397,41.66154811682372,0.7638461919908635,98.6416708615901,0.2395452449940939,0.5398468992816571,0.51115025563667,2.1038771230648366e-06
9249,41.97182695220907,10.689372258321592,52.66119921053066,5.245413993140336,0.024099244621516126,0.15450841561573675,0.4120579376102117,0.2965654106455736,19.15408445903519,1.484226923085714,94.61146042672904,0.33279388005294136,1.1540267369865085,0.8790822788472755,2.1038771230648366e-06
9261,32.3870935434136,21.55309071020152,53.940184253615115,9.321725595107317,0.024099244621516126,0.2975664073833317,0.5926143650576037,0.2965654106455736,35.865549814011096,0.9841099662211699,98.6416708615901,0.2395452449940939,1.1540267369865085,0.6775759777641851,2.1038771230648366e-06
9304,27.546149166830684,26.086497519351518,53.6326466861822,10.877854836518644,0.024099244621516126,0.08173395261699556,0.5926143650576037,0.19189790819770397,41.66154811682372,0.7638461919908635,98.6416708615901,0.2395452449940939,0.7699502779177346,0.51115025563667,2.1038771230648366e-06
9319,21.428530387724475,32.44173024530777,53.870260633032245,25.948461656764987,0.024099244621516126,0.08173395261699556,0.807738690329122,0.07861675458476158,41.66154811682372,0.630405644814003,85.69762729633804,0.33279388005294136,0.9517414270873681,0.51115025563667,2.267358369341208e-06
9329,47.58023454545054,5.988000289617735,53.568234835068274,5.245413993140336,0.024099244621516126,0.007925456797868324,0.4120579376102117,0.8598037443596492,5.8774721288796,0.2391105766175048,98.6416708615901,0.6087670929915812,1.1540267369865085,0.9158653711831447,2.1038771230648366e-06
9380,56.88187786383098,1.4773145812104964,58.35919244504147,5.245413993140336,0.03038027549946027,0.3936576523393438,0.2345370319995722,0.8598037443596492,1.1445112738702679,0.7300174494383114,94.61146042672904,0.18717931067854665,1.2974912099205862,1.291665249894145,4.343429493003475e-06
9396,35.8572248113213,17.415075197946276,53.27230000926758,12.773028032000234,0.024099244621516126,0.28988344429582863,0.5926143650576037,0.7186098618255685,19.15408445903519,1.484226923085714,98.6416708615901,0.33279388005294136,1.1540267369865085,0.6775759777641851,2.1038771230648366e-06
9400,33.45860597449729,20.20860123248679,53.667207206984074,10.877854836518644,0.024099244621516126,0.2975664073833317,0.5667882730348237,0.07801298148749486,23.475624031055144,1.4690823188003486,98.6416708615901,0.2395452449940939,1.1570642934500739,0.6775759777641851,2.1038771230648366e-06
9429,54.75196848784251,1.9907635566773847,56.7427320445199,5.245413993140336,0.03038027549946027,0.3936576523393438,0.2251895716614039,0.2965654106455736,5.8774721288796,1.484226923085714,94.61146042672904,0.33279388005294136,1.2974912099205862,0.8010869639365119,2.1038771230648366e-06
9453,58.818861798675414,1.2433039720783619,60.06216577075378,5.245413993140336,0.024099244621516126,0.08173395261699556,0.12615106220885586,0.7186098618255685,1.1445112738702679,1.484226923085714,94.61146042672904,0.2395452449940939,1.2974912099205862,0.7123418565646167,2.1038771230648366e-06
9455,38.71896949687454,13.751247737252344,52.470217234126885,5.245413993140336,0.023701327362794403,0.2975664073833317,0.4120579376102117,0.19189790819770397,19.15408445903519,0.9074089783786612,98.6416708615901,0.2395452449940939,0.6678934296528598,0.7913975742065766,2.1038771230648366e-06
9466,24.93698793600931,30.569032244526085,55.506020180535394,10.877854836518644,0.024099244621516126,0.2975664073833317,0.807738690329122,0.19189790819770397,41.66154811682372,0.5618728793403571,98.6416708615901,0.2395452449940939,0.5398468992816571,0.51115025563667,2.1038771230648366e-06
9505,51.89811922233073,3.342923837199814,55.24104305953054,5.245413993140336,0.024099244621516126,0.28988344429582863,0.2345370319995722,0.2965654106455736,5.8774721288796,1.484226923085714,94.61146042672904,0.33279388005294136,1.2974912099205862,0.51115025563667,2.1038771230648366e-06
9521,55.622206537151634,1.753617640063272,57.37582417721491,5.245413993140336,0.03038027549946027,0.3936576523393438,0.2345370319995722,0.7186098618255685,5.8774721288796,1.484226923085714,94.61146042672904,0.33279388005294136,1.2974912099205862,0.9158653711831447,4.343429493003475e-06
9546,49.435084424386176,4.427167046466996,53.862251470853174,5.245413993140336,0.03038027549946027,0.08173395261699556,0.4120579376102117,0.8598037443596492,5.8774721288796,0.2391105766175048,98.6416708615901,0.6087670929915812,1.1540267369865085,0.9158653711831447,2.1038771230648366e-06
9567,38.71896949687454,13.751247737252344,52.470217234126885,5.245413993140336,0.023701327362794403,0.2975664073833317,0.4120579376102117,0.19189790819770397,19.15408445903519,0.9074089783786612,98.6416708615901,0.2395452449940939,0.6678934296528598,0.7913975742065766,2.1038771230648366e-06
9574,33.45860597449729,20.20860123248679,53.667207206984074,10.877854836518644,0.024099244621516126,0.2975664073833317,0.5667882730348237,0.07801298148749486,23.475624031055144,1.4690823188003486,98.6416708615901,0.2395452449940939,1.1570642934500739,0.6775759777641851,2.1038771230648366e-06
9575,37.23516109546219,15.376191758411018,52.61135285387321,10.877854836518644,0.024099244621516126,0.08173395261699556,0.5667882730348237,0.7186098618255685,19.15408445903519,1.484226923085714,98.6416708615901,0.33279388005294136,1.1540267369865085,0.6775759777641851,2.1038771230648366e-06
9590,23.861937036976865,31.318131556027474,55.180068593004336,10.877854836518644,0.024099244621516126,0.2975664073833317,0.807738690329122,0.030292606242054265,41.66154811682372,0.8796036806730851,98.6416708615901,0.2395452449940939,0.23886283196880004,0.51115025563667,2.1038771230648366e-06
9642,24.93698793600931,30.569032244526085,55.506020180535394,10.877854836518644,0.024099244621516126,0.2975664073833317,0.807738690329122,0.19189790819770397,41.66154811682372,0.5618728793403571,98.6416708615901,0.2395452449940939,0.5398468992816571,0.51115025563667,2.1038771230648366e-06
9672,49.435084424386176,4.427167046466996,53.862251470853174,5.245413993140336,0.03038027549946027,0.08173395261699556,0.4120579376102117,0.8598037443596492,5.8774721288796,0.2391105766175048,98.6416708615901,0.6087670929915812,1.1540267369865085,0.9158653711831447,2.1038771230648366e-06
9674,26.15910280534347,28.778959135310096,54.93806194065357,12.214752017762354,0.024099244621516126,0.08173395261699556,0.807738690329122,0.2284118304472575,41.66154811682372,0.7638461919908635,98.6416708615901,0.33279388005294136,0.9517414270873681,0.7123418565646167,2.1038771230648366e-06
9679,25.933496585462677,28.995056777566198,54.928553363028875,12.214752017762354,0.024099244621516126,0.08173395261699556,0.807738690329122,0.19189790819770397,41.66154811682372,0.7638461919908635,98.6416708615901,0.33279388005294136,0.9517414270873681,0.7123418565646167,2.1038771230648366e-06
9688,24.288699451283133,30.65742797865511,54.946127429938244,10.877854836518644,0.024099244621516126,0.08173395261699556,0.807738690329122,0.19189790819770397,41.66154811682372,0.7638461919908635,98.6416708615901,0.2395452449940939,0.5398468992816571,0.51115025563667,2.1038771230648366e-06
9689,27.546149166830684,26.086497519351518,53.6326466861822,10.877854836518644,0.024099244621516126,0.08173395261699556,0.5926143650576037,0.19189790819770397,41.66154811682372,0.7638461919908635,98.6416708615901,0.2395452449940939,0.7699502779177346,0.51115025563667,2.1038771230648366e-06
9751,41.04548604333742,11.72855603993404,52.77404208327146,5.245413993140336,0.024099244621516126,0.28988344429582863,0.4120579376102117,0.2965654106455736,19.15408445903519,1.484226923085714,98.6416708615901,0.33279388005294136,1.2974912099205862,0.6775759777641851,2.1038771230648366e-06
9778,24.93698793600931,30.569032244526085,55.506020180535394,10.877854836518644,0.024099244621516126,0.2975664073833317,0.807738690329122,0.19189790819770397,41.66154811682372,0.5618728793403571,98.6416708615901,0.2395452449940939,0.5398468992816571,0.51115025563667,2.1038771230648366e-06
9797,57.80457169786729,1.4076800948931893,59.212251792760476,5.245413993140336,0.03038027549946027,0.4212595585654096,0.12615106220885586,0.8598037443596492,1.1445112738702679,0.7300174494383114,94.61146042672904,0.18717931067854665,1.1540267369865085,1.291665249894145,4.343429493003475e-06
9804,50.143813690796534,3.9028317902680687,54.0466454810646,5.245413993140336,0.021966873773064614,0.28988344429582863,0.2345370319995722,0.8332444304326968,19.15408445903519,1.484226923085714,98.6416708615901,0.018920528797256864,1.2974912099205862,0.8790822788472755,4.343429493003475e-06
9818,46.05304062301354,6.830795486635798,52.88383610964934,5.245413993140336,0.024099244621516126,0.2975664073833317,0.31283532117804513,0.7186098618255685,19.15408445903519,1.484226923085714,98.6416708615901,0.33279388005294136,1.1570642934500739,0.6775759777641851,2.1038771230648366e-06
9839,41.841912298140436,10.761816937662672,52.60372923580311,5.245413993140336,0.024099244621516126,0.28988344429582863,0.4120579376102117,0.7186098618255685,19.15408445903519,0.7297455375332902,94.61146042672904,0.33279388005294136,1.1540267369865085,0.8790822788472755,2.1038771230648366e-06
9840,57.80457169786729,1.4076800948931893,59.212251792760476,5.245413993140336,0.03038027549946027,0.4212595585654096,0.12615106220885586,0.8598037443596492,1.1445112738702679,0.7300174494383114,94.61146042672904,0.18717931067854665,1.1540267369865085,1.291665249894145,4.343429493003475e-06
9846,33.209446275900895,20.24105900803452,53.450505283935414,10.877854836518644,0.024099244621516126,0.2975664073833317,0.5667882730348237,0.2965654106455736,23.475624031055144,1.3073696445461596,98.6416708615901,0.33279388005294136,1.1570642934500739,0.3291901490230389,2.1038771230648366e-06
9870,30.981694086838424,23.812514750952047,54.79420883779047,10.877854836518644,0.024099244621516126,0.2975664073833317,0.5926143650576037,0.19189790819770397,41.66154811682372,0.7638461919908635,98.6416708615901,0.2395452449940939,1.1570642934500739,0.6775759777641851,2.1038771230648366e-06
9882,33.45860597449729,20.20860123248679,53.667207206984074,10.877854836518644,0.024099244621516126,0.2975664073833317,0.5667882730348237,0.07801298148749486,23.475624031055144,1.4690823188003486,98.6416708615901,0.2395452449940939,1.1570642934500739,0.6775759777641851,2.1038771230648366e-06
9883,53.82734478565196,2.4291593875439395,56.2565041731959,5.245413993140336,0.024099244621516126,0.28988344429582863,0.2251895716614039,0.2965654106455736,5.8774721288796,1.484226923085714,94.61146042672904,0.33279388005294136,1.2974912099205862,0.8010869639365119,2.1038771230648366e-06
9907,34.571753024117456,19.018681385890044,53.590434410007504,10.877854836518644,0.024099244621516126,0.2975664073833317,0.5926143650576037,0.7186098618255685,35.865549814011096,0.9841099662211699,98.6416708615901,0.2395452449940939,1.1540267369865085,0.6775759777641851,2.1038771230648366e-06
9908,54.75196848784251,1.9907635566773847,56.7427320445199,5.245413993140336,0.03038027549946027,0.3936576523393438,0.2251895716614039,0.2965654106455736,5.8774721288796,1.484226923085714,94.61146042672904,0.33279388005294136,1.2974912099205862,0.8010869639365119,2.1038771230648366e-06
9952,30.52118325490911,24.03634016819558,54.55752342310469,10.877854836518644,0.024099244621516126,0.2975664073833317,0.5926143650576037,0.19189790819770397,41.66154811682372,0.7638461919908635,98.6416708615901,0.2395452449940939,1.1540267369865085,0.51115025563667,2.1038771230648366e-06
9960,27.54590865120843,26.140075539605498,53.685984190813926,10.877854836518644,0.024099244621516126,0.2975664073833317,0.5926143650576037,0.030292606242054265,41.66154811682372,0.8796036806730851,98.6416708615901,0.2395452449940939,0.23886283196880004,0.6775759777641851,2.1038771230648366e-06
9967,34.56143763732469,19.043514859385258,53.60495249670994,10.877854836518644,0.024099244621516126,0.28988344429582863,0.5926143650576037,0.7186098618255685,35.865549814011096,0.9841099662211699,98.6416708615901,0.2395452449940939,1.1540267369865085,0.6775759777641851,2.1038771230648366e-06
9969,32.03249351681907,22.11237398168271,54.14486749850178,7.376852539180215,0.024099244621516126,0.2975664073833317,0.5926143650576037,0.21606902729252941,41.66154811682372,0.7638461919908635,98.6416708615901,0.2395452449940939,1.1570642934500739,0.51115025563667,2.1038771230648366e-06
9981,42.5881719604041,10.579492736529922,53.16766469693402,5.245413993140336,0.024099244621516126,0.28988344429582863,0.4120579376102117,0.7186098618255685,19.15408445903519,0.7297455375332902,98.6416708615901,0.33279388005294136,1.2974912099205862,0.8790822788472755,2.1038771230648366e-06
10005,42.215913850320064,10.65671462926214,52.872628479582204,5.245413993140336,0.024099244621516126,0.2975664073833317,0.4120579376102117,0.8717951055729352,41.66154811682372,0.2391105766175048,98.6416708615901,0.2395452449940939,1.1540267369865085,0.6775759777641851,2.1038771230648366e-06
10012,46.4587635550882,6.699029549037354,53.15779310412555,5.245413993140336,0.024099244621516126,0.2975664073833317,0.31283532117804513,0.7186098618255685,19.15408445903519,1.484226923085714,98.6416708615901,0.33279388005294136,1.1540267369865085,0.3506086464326614,4.343429493003475e-06
10046,26.60148234504487,28.479347564043398,55.080829909088266,12.214752017762354,0.024099244621516126,0.2975664073833317,0.807738690329122,0.19189790819770397,41.66154811682372,0.7638461919908635,98.6416708615901,0.2395452449940939,1.1570642934500739,0.51115025563667,2.1038771230648366e-06
10051,47.58023454545054,5.988000289617735,53.568234835068274,5.245413993140336,0.024099244621516126,0.007925456797868324,0.4120579376102117,0.8598037443596492,5.8774721288796,0.2391105766175048,98.6416708615901,0.6087670929915812,1.1540267369865085,0.9158653711831447,2.1038771230648366e-06
10055,41.04548604333742,11.72855603993404,52.77404208327146,5.245413993140336,0.024099244621516126,0.28988344429582863,0.4120579376102117,0.2965654106455736,19.15408445903519,1.484226923085714,98.6416708615901,0.33279388005294136,1.2974912099205862,0.6775759777641851,2.1038771230648366e-06
10059,18.10493078857555,35.04387263216932,53.14880342074487,44.60223565052648,0.01839525840035155,0.08173395261699556,0.807738690329122,0.19189790819770397,41.66154811682372,0.9074089783786612,98.6416708615901,0.2395452449940939,0.19829788137553261,0.7123418565646167,4.343429493003475e-06
10068,24.164411586178307,30.820075401872717,54.984486988051025,12.214752017762354,0.024099244621516126,0.08173395261699556,0.807738690329122,0.2284118304472575,41.66154811682372,0.7638461919908635,98.6416708615901,0.33279388005294136,0.2884003949260381,0.6775759777641851,2.1038771230648366e-06
10084,37.79198565067015,14.614278403289324,52.406264053959475,10.877854836518644,0.024099244621516126,0.08173395261699556,0.4120579376102117,0.030292606242054265,19.15408445903519,0.8796036806730851,98.6416708615901,0.33279388005294136,1.2974912099205862,1.2538747192032076,2.1038771230648366e-06
10085,32.381379316036636,21.813114547008457,54.194493863045096,9.306230651110889,0.024099244621516126,0.2975664073833317,0.5926143650576037,0.19189790819770397,41.66154811682372,0.8796036806730851,98.6416708615901,0.2395452449940939,1.3987664163407216,0.6775759777641851,2.1038771230648366e-06
10092,24.288699451283133,30.65742797865511,54.946127429938244,10.877854836518644,0.024099244621516126,0.08173395261699556,0.807738690329122,0.19189790819770397,41.66154811682372,0.7638461919908635,98.6416708615901,0.2395452449940939,0.5398468992816571,0.51115025563667,2.1038771230648366e-06
10094,22.986782311617166,31.519410845634486,54.50619315725165,25.948461656764987,0.024099244621516126,0.08173395261699556,0.807738690329122,0.2092772512801514,41.66154811682372,0.630405644814003,98.6416708615901,0.33279388005294136,0.9517414270873681,0.51115025563667,2.267358369341208e-06
10096,43.33844532297434,9.687891716163113,53.02633703913745,5.245413993140336,0.024099244621516126,0.28988344429582863,0.4120579376102117,0.7186098618255685,19.15408445903519,1.484226923085714,98.6416708615901,0.33279388005294136,1.2974912099205862,0.6775759777641851,2.1038771230648366e-06
10100,23.986937528686788,31.03232591847624,55.01926344716303,12.214752017762354,0.024099244621516126,0.08173395261699556,0.807738690329122,0.2284118304472575,47.99808575727438,0.7638461919908635,98.6416708615901,0.33279388005294136,0.2884003949260381,0.6775759777641851,2.1038771230648366e-06
10103,38.08158522415346,14.129941017036113,52.211526241189574,5.245413993140336,0.024099244621516126,0.2975664073833317,0.4120579376102117,0.19189790819770397,19.15408445903519,0.9074089783786612,98.6416708615901,0.2395452449940939,0.19829788137553261,0.6775759777641851,4.343429493003475e-06
10106,57.80457169786729,1.4076800948931893,59.212251792760476,5.245413993140336,0.03038027549946027,0.4212595585654096,0.12615106220885586,0.8598037443596492,1.1445112738702679,0.7300174494383114,94.61146042672904,0.18717931067854665,1.1540267369865085,1.291665249894145,4.343429493003475e-06
10108,20.846905465716315,32.90274737546716,53.749652841183476,27.949868843192856,0.024099244621516126,0.08173395261699556,0.807738690329122,0.07861675458476158,41.66154811682372,0.7638461919908635,85.69762729633804,0.2395452449940939,0.9517414270873681,0.51115025563667,2.267358369341208e-06
10136,22.369933070699723,32.06673020403053,54.43666327473025,16.839948457793454,0.024099244621516126,0.08173395261699556,0.807738690329122,0.19189790819770397,41.66154811682372,0.5387774279809503,98.6416708615901,0.2395452449940939,0.5398468992816571,0.51115025563667,2.1038771230648366e-06
10148,32.98328076552516,20.84882043007122,53.83210119559638,9.321725595107317,0.024099244621516126,0.2975664073833317,0.5926143650576037,0.2965654106455736,35.865549814011096,0.9841099662211699,98.6416708615901,0.2395452449940939,1.370829284112228,0.6775759777641851,2.1038771230648366e-06
10162,38.035986622992176,14.365871931083351,52.40185855407553,5.245413993140336,0.024099244621516126,0.2975664073833317,0.4147906399050585,0.19189790819770397,19.15408445903519,0.9074089783786612,98.6416708615901,0.2395452449940939,0.19829788137553261,0.7913975742065766,2.1038771230648366e-06
10180,47.58023454545054,5.988000289617735,53.568234835068274,5.245413993140336,0.024099244621516126,0.007925456797868324,0.4120579376102117,0.8598037443596492,5.8774721288796,0.2391105766175048,98.6416708615901,0.6087670929915812,1.1540267369865085,0.9158653711831447,2.1038771230648366e-06
10187,31.12997319230065,23.485806646307733,54.61577983860838,10.877854836518644,0.024099244621516126,0.2975664073833317,0.5926143650576037,0.19189790819770397,47.99808575727438,0.8796036806730851,98.6416708615901,0.2395452449940939,1.1570642934500739,0.6775759777641851,2.1038771230648366e-06
10224,37.50653291178372,15.238113571262488,52.74464648304621,3.598999845242974,0.023554272151894116,0.2975664073833317,0.4120579376102117,0.19189790819770397,41.66154811682372,1.484226923085714,98.6416708615901,0.2395452449940939,0.5398468992816571,0.32522926579248107,2.1038771230648366e-06
10251,41.04548604333742,11.72855603993404,52.77404208327146,5.245413993140336,0.024099244621516126,0.28988344429582863,0.4120579376102117,0.2965654106455736,19.15408445903519,1.484226923085714,98.6416708615901,0.33279388005294136,1.2974912099205862,0.6775759777641851,2.1038771230648366e-06
10288,27.546149166830684,26.086497519351518,53.6326466861822,10.877854836518644,0.024099244621516126,0.08173395261699556,0.5926143650576037,0.19189790819770397,41.66154811682372,0.7638461919908635,98.6416708615901,0.2395452449940939,0.7699502779177346,0.51115025563667,2.1038771230648366e-06
10358,24.99986423100903,30.255506455083694,55.255370686092725,12.214752017762354,0.024099244621516126,0.08173395261699556,0.807738690329122,0.19189790819770397,41.66154811682372,0.7638461919908635,98.6416708615901,0.33279388005294136,0.7699502779177346,0.51115025563667,2.1038771230648366e-06
10359,33.45860597449729,20.20860123248679,53.667207206984074,10.877854836518644,0.024099244621516126,0.2975664073833317,0.5667882730348237,0.07801298148749486,23.475624031055144,1.4690823188003486,98.6416708615901,0.2395452449940939,1.1570642934500739,0.6775759777641851,2.1038771230648366e-06
10362,32.3870935434136,21.55309071020152,53.940184253615115,9.321725595107317,0.024099244621516126,0.2975664073833317,0.5926143650576037,0.2965654106455736,35.865549814011096,0.9841099662211699,98.6416708615901,0.2395452449940939,1.1540267369865085,0.6775759777641851,2.1038771230648366e-06
10393,49.435084424386176,4.427167046466996,53.862251470853174,5.245413993140336,0.03038027549946027,0.08173395261699556,0.4120579376102117,0.8598037443596492,5.8774721288796,0.2391105766175048,98.6416708615901,0.6087670929915812,1.1540267369865085,0.9158653711831447,2.1038771230648366e-06
10396,47.807537525650375,5.590526476891744,53.39806400254212,5.245413993140336,0.03038027549946027,0.3787184497362417,0.4120579376102117,0.8717951055729352,5.8774721288796,0.2391105766175048,98.6416708615901,0.2395452449940939,0.7699502779177346,0.9158653711831447,2.1038771230648366e-06
10407,33.45860597449729,20.20860123248679,53.667207206984074,10.877854836518644,0.024099244621516126,0.2975664073833317,0.5667882730348237,0.07801298148749486,23.475624031055144,1.4690823188003486,98.6416708615901,0.2395452449940939,1.1570642934500739,0.6775759777641851,2.1038771230648366e-06
10424,53.025618925859895,2.9427571995418145,55.96837612540171,5.245413993140336,0.021966873773064614,0.28988344429582863,0.2345370319995722,0.8598037443596492,5.8774721288796,1.484226923085714,94.61146042672904,0.018920528797256864,1.1540267369865085,0.9158653711831447,2.1038771230648366e-06
10427,48.55090627904754,5.266293070220358,53.817199349267895,5.245413993140336,0.023554272151894116,0.08173395261699556,0.31283532117804513,0.7186098618255685,5.8774721288796,0.2391105766175048,94.61146042672904,0.6087670929915812,1.1540267369865085,0.9158653711831447,2.1038771230648366e-06
10428,47.807537525650375,5.590526476891744,53.39806400254212,5.245413993140336,0.03038027549946027,0.3787184497362417,0.4120579376102117,0.8717951055729352,5.8774721288796,0.2391105766175048,98.6416708615901,0.2395452449940939,0.7699502779177346,0.9158653711831447,2.1038771230648366e-06
10429,25.678831482060456,29.470531130755788,55.14936261281625,12.214752017762354,0.024099244621516126,0.08173395261699556,0.807738690329122,0.2284118304472575,41.66154811682372,0.7638461919908635,98.6416708615901,0.33279388005294136,0.9517414270873681,0.51115025563667,2.1038771230648366e-06
10442,54.204268044520155,2.2517218820453375,56.45598992656549,5.245413993140336,0.03038027549946027,0.3936576523393438,0.2345370319995722,0.2965654106455736,5.8774721288796,1.484226923085714,94.61146042672904,0.33279388005294136,1.1540267369865085,0.9158653711831447,2.1038771230648366e-06
10478,20.846905465716315,32.90274737546716,53.749652841183476,27.949868843192856,0.024099244621516126,0.08173395261699556,0.807738690329122,0.07861675458476158,41.66154811682372,0.7638461919908635,85.69762729633804,0.2395452449940939,0.9517414270873681,0.51115025563667,2.267358369341208e-06
10495,43.33844532297434,9.687891716163113,53.02633703913745,5.245413993140336,0.024099244621516126,0.28988344429582863,0.4120579376102117,0.7186098618255685,19.15408445903519,1.484226923085714,98.6416708615901,0.33279388005294136,1.2974912099205862,0.6775759777641851,2.1038771230648366e-06
10511,31.91637115989544,22.504470809928506,54.42084196982395,10.877854836518644,0.024099244621516126,0.2975664073833317,0.5926143650576037,0.19189790819770397,41.66154811682372,0.8796036806730851,98.6416708615901,0.2395452449940939,1.3987664163407216,0.6775759777641851,2.1038771230648366e-06
10540,18.10493078857555,35.04387263216932,53.14880342074487,44.60223565052648,0.01839525840035155,0.08173395261699556,0.807738690329122,0.19189790819770397,41.66154811682372,0.9074089783786612,98.6416708615901,0.2395452449940939,0.19829788137553261,0.7123418565646167,4.343429493003475e-06
10569,46.40803333977468,6.762206903141941,53.17024024291662,5.245413993140336,0.023554272151894116,0.28988344429582863,0.31283532117804513,0.7186098618255685,19.15408445903519,1.484226923085714,94.61146042672904,0.33279388005294136,1.2974912099205862,0.32522926579248107,4.343429493003475e-06
10571,28.952052436230968,25.305153367107515,54.25720580333848,9.321725595107317,0.024099244621516126,0.2975664073833317,0.5926143650576037,0.07801298148749486,35.865549814011096,0.9841099662211699,98.6416708615901,0.2395452449940939,0.2658375503039451,0.6775759777641851,2.1038771230648366e-06
10594,22.62606892583449,31.88180282606472,54.50787175189921,25.948461656764987,0.024099244621516126,0.08173395261699556,0.807738690329122,0.19189790819770397,41.66154811682372,0.7638461919908635,98.6416708615901,0.2395452449940939,0.9517414270873681,0.51115025563667,2.267358369341208e-06
10603,44.317431693646775,8.188477268986079,52.50590896263285,5.245413993140336,0.024099244621516126,0.007925456797868324,0.4120579376102117,0.8598037443596492,19.15408445903519,0.7297455375332902,98.6416708615901,0.6087670929915812,1.1950768573884816,0.9158653711831447,2.1038771230648366e-06
10608,30.52118325490911,24.03634016819558,54.55752342310469,10.877854836518644,0.024099244621516126,0.2975664073833317,0.5926143650576037,0.19189790819770397,41.66154811682372,0.7638461919908635,98.6416708615901,0.2395452449940939,1.1540267369865085,0.51115025563667,2.1038771230648366e-06
10622,43.01352637716211,10.132770684381157,53.146297061543265,5.245413993140336,0.023554272151894116,0.2975664073833317,0.4120579376102117,0.7186098618255685,19.15408445903519,1.484226923085714,94.61146042672904,0.33279388005294136,1.2974912099205862,0.32522926579248107,2.1038771230648366e-06
10630,38.08158522415346,14.129941017036113,52.211526241189574,5.245413993140336,0.024099244621516126,0.2975664073833317,0.4120579376102117,0.19189790819770397,19.15408445903519,0.9074089783786612,98.6416708615901,0.2395452449940939,0.19829788137553261,0.6775759777641851,4.343429493003475e-06
10658,54.204268044520155,2.2517218820453375,56.45598992656549,5.245413993140336,0.03038027549946027,0.3936576523393438,0.2345370319995722,0.2965654106455736,5.8774721288796,1.484226923085714,94.61146042672904,0.33279388005294136,1.1540267369865085,0.9158653711831447,2.1038771230648366e-06
10659,30.0611128170612,24.088653367687296,54.1497661847485,10.877854836518644,0.024099244621516126,0.2975664073833317,0.5926143650576037,0.19189790819770397,41.66154811682372,0.22344630623897666,98.6416708615901,0.2395452449940939,1.1570642934500739,0.6775759777641851,2.1038771230648366e-06
10660,43.33844532297434,9.687891716163113,53.02633703913745,5.245413993140336,0.024099244621516126,0.28988344429582863,0.4120579376102117,0.7186098618255685,19.15408445903519,1.484226923085714,98.6416708615901,0.33279388005294136,1.2974912099205862,0.6775759777641851,2.1038771230648366e-06
10674,20.846905465716315,32.90274737546716,53.749652841183476,27.949868843192856,0.024099244621516126,0.08173395261699556,0.807738690329122,0.07861675458476158,41.66154811682372,0.7638461919908635,85.69762729633804,0.2395452449940939,0.9517414270873681,0.51115025563667,2.267358369341208e-06
10715,38.08158522415346,14.129941017036113,52.211526241189574,5.245413993140336,0.024099244621516126,0.2975664073833317,0.4120579376102117,0.19189790819770397,19.15408445903519,0.9074089783786612,98.6416708615901,0.2395452449940939,0.19829788137553261,0.6775759777641851,4.343429493003475e-06
10723,56.314902768913136,1.5962928015687083,57.911195570481844,5.245413993140336,0.03038027549946027,0.28988344429582863,0.2251895716614039,0.8332444304326968,5.8774721288796,1.484226923085714,94.61146042672904,0.2395452449940939,1.1540267369865085,1.1340080707717852,2.1038771230648366e-06
10765,30.52118325490911,24.03634016819558,54.55752342310469,10.877854836518644,0.024099244621516126,0.2975664073833317,0.5926143650576037,0.19189790819770397,41.66154811682372,0.7638461919908635,98.6416708615901,0.2395452449940939,1.1540267369865085,0.51115025563667,2.1038771230648366e-06
10774,46.40803333977468,6.762206903141941,53.17024024291662,5.245413993140336,0.023554272151894116,0.28988344429582863,0.31283532117804513,0.7186098618255685,19.15408445903519,1.484226923085714,94.61146042672904,0.33279388005294136,1.2974912099205862,0.32522926579248107,4.343429493003475e-06
10782,44.17093414189834,8.86654964665444,53.037483788552784,5.245413993140336,0.024099244621516126,0.28988344429582863,0.4120579376102117,0.823748270315441,19.15408445903519,1.484226923085714,98.6416708615901,0.33279388005294136,1.2974912099205862,0.6775759777641851,2.1038771230648366e-06
10794,36.14227614563882,16.855500784176268,52.99777692981509,10.877854836518644,0.024099244621516126,0.28988344429582863,0.5926143650576037,0.7186098618255685,19.15408445903519,0.7297455375332902,98.6416708615901,0.33279388005294136,1.1540267369865085,0.8790822788472755,4.343429493003475e-06
10803,38.08158522415346,14.129941017036113,52.211526241189574,5.245413993140336,0.024099244621516126,0.2975664073833317,0.4120579376102117,0.19189790819770397,19.15408445903519,0.9074089783786612,98.6416708615901,0.2395452449940939,0.19829788137553261,0.6775759777641851,4.343429493003475e-06
10810,22.8920629807914,31.613150567255847,54.50521354804725,25.948461656764987,0.024099244621516126,0.08173395261699556,0.807738690329122,0.19189790819770397,41.66154811682372,0.630405644814003,98.6416708615901,0.33279388005294136,0.9517414270873681,0.51115025563667,2.1038771230648366e-06
10816,37.733786689608266,14.85637064261872,52.59015733222699,5.245413993140336,0.024099244621516126,0.2975664073833317,0.4120579376102117,0.030292606242054265,19.15408445903519,1.484226923085714,98.6416708615901,0.33279388005294136,0.2196810732413083,0.6775759777641851,2.1038771230648366e-06
10818,20.846905465716315,32.90274737546716,53.749652841183476,27.949868843192856,0.024099244621516126,0.08173395261699556,0.807738690329122,0.07861675458476158,41.66154811682372,0.7638461919908635,85.69762729633804,0.2395452449940939,0.9517414270873681,0.51115025563667,2.267358369341208e-06
10824,22.986782311617166,31.519410845634486,54.50619315725165,25.948461656764987,0.024099244621516126,0.08173395261699556,0.807738690329122,0.2092772512801514,41.66154811682372,0.630405644814003,98.6416708615901,0.33279388005294136,0.9517414270873681,0.51115025563667,2.267358369341208e-06
10828,37.15655880214855,15.453870979141698,52.61042978129025,10.877854836518644,0.024099244621516126,0.08173395261699556,0.5667882730348237,0.7092132578702401,19.15408445903519,1.484226923085714,98.6416708615901,0.33279388005294136,1.1540267369865085,0.6775759777641851,2.1038771230648366e-06
10830,55.99645579241248,1.5983061548806008,57.59476194729309,5.245413993140336,0.03038027549946027,0.026937100580568585,0.2345370319995722,0.7728350903812891,5.8774721288796,1.2898828018697517,94.61146042672904,0.33279388005294136,1.3890637168667692,0.9292974731995457,4.343429493003475e-06
10845,32.54081468555061,21.278278308602225,53.81909299415283,10.877854836518644,0.024099244621516126,0.2975664073833317,0.5667882730348237,0.19189790819770397,23.475624031055144,0.8796036806730851,98.6416708615901,0.2395452449940939,1.1570642934500739,0.6775759777641851,2.1038771230648366e-06
10847,43.13200138487182,9.724460956658396,52.85646234153022,5.245413993140336,0.024099244621516126,0.28988344429582863,0.4120579376102117,0.7186098618255685,19.15408445903519,1.484226923085714,98.6416708615901,0.33279388005294136,1.1540267369865085,0.3505325761634806,4.343429493003475e-06
10851,43.831962016897236,9.468643809454594,53.30060582635183,5.192796367058889,0.024099244621516126,0.28988344429582863,0.4120579376102117,0.7186098618255685,19.15408445903519,1.484226923085714,98.6416708615901,0.33279388005294136,1.2974912099205862,0.3649860161580004,2.1038771230648366e-06
10861,37.14179491551424,16.57812729579885,53.71992221131309,10.877854836518644,0.024099244621516126,0.28988344429582863,0.5667882730348237,0.7186098618255685,19.15408445903519,1.484226923085714,98.6416708615901,0.33279388005294136,1.2974912099205862,0.6775759777641851,2.1038771230648366e-06
10865,54.27534932554622,2.1923099282512006,56.46765925379742,5.245413993140336,0.03038027549946027,0.3936576523393438,0.2345370319995722,0.2965654106455736,6.141646797225154,1.484226923085714,94.61146042672904,0.33279388005294136,1.1540267369865085,0.9158653711831447,2.1038771230648366e-06
10897,21.17863862597264,32.47251964734973,53.651158273322366,27.949868843192856,0.024099244621516126,0.08173395261699556,0.807738690329122,0.07861675458476158,41.66154811682372,0.630405644814003,85.69762729633804,0.33279388005294136,0.9517414270873681,0.51115025563667,2.267358369341208e-06
10899,37.50653291178372,15.238113571262488,52.74464648304621,3.598999845242974,0.023554272151894116,0.2975664073833317,0.4120579376102117,0.19189790819770397,41.66154811682372,1.484226923085714,98.6416708615901,0.2395452449940939,0.5398468992816571,0.32522926579248107,2.1038771230648366e-06
10937,41.04548604333742,11.72855603993404,52.77404208327146,5.245413993140336,0.024099244621516126,0.28988344429582863,0.4120579376102117,0.2965654106455736,19.15408445903519,1.484226923085714,98.6416708615901,0.33279388005294136,1.2974912099205862,0.6775759777641851,2.1038771230648366e-06
10949,20.846905465716315,32.90274737546716,53.749652841183476,27.949868843192856,0.024099244621516126,0.08173395261699556,0.807738690329122,0.07861675458476158,41.66154811682372,0.7638461919908635,85.69762729633804,0.2395452449940939,0.9517414270873681,0.51115025563667,2.267358369341208e-06
10986,38.586390283203194,13.774860544156445,52.36125082735964,5.245413993140336,0.024099244621516126,0.28988344429582863,0.4120579376102117,0.16497630267573277,19.15408445903519,1.484226923085714,98.6416708615901,0.2395452449940939,0.8138357295962477,0.4537412167764367,2.1038771230648366e-06
11005,19.97974603801191,35.01946533596431,54.99921137397622,25.948461656764987,0.01839525840035155,0.08173395261699556,0.807738690329122,0.19189790819770397,41.66154811682372,0.9074089783786612,98.6416708615901,0.2395452449940939,0.19829788137553261,0.7123418565646167,2.267358369341208e-06
11012,45.901561738656945,7.157868936427976,53.05943067508492,5.245413993140336,0.023554272151894116,0.2975664073833317,0.31283532117804513,0.7186098618255685,19.15408445903519,1.484226923085714,94.61146042672904,0.33279388005294136,1.1540267369865085,0.32522926579248107,4.343429493003475e-06
11014,41.97182695220907,10.689372258321592,52.66119921053066,5.245413993140336,0.024099244621516126,0.15450841561573675,0.4120579376102117,0.2965654106455736,19.15408445903519,1.484226923085714,94.61146042672904,0.33279388005294136,1.1540267369865085,0.8790822788472755,2.1038771230648366e-06
